title,review
더 배트맨,배트맨은 뭐랄까    영화가 재미있는게 아니라 영상이 신기해서 봄 흠      는 분발해야함    수퍼맨 빼고 볼게 없음
더 배트맨,수많은 배트맨 시리즈들    재밌게 본게 단 한편도 없음  시리즈가 많으면서 지루함의 대명사가 배트맨임  이렇게 재미가 없는데 왜 영화 시리즈로 계속 만드는 거임  골수 팬들 덕에 적자는 안나서 계속 만드는 거임 
더 배트맨,배트맨 찐팬이라면 강추  그외 액숀팬이라면 패스   웨인 아빠의 과거진실 대중과 고담인은 관심도 없는데 무슨 대단한 비리인거처럼 꾸며놓고   추악한 진실을 알았을때  선악을 갈등하는 어둔 영웅의 현명한 선택  어때 죽이지  이러는거 이젠 식상함 근데 이걸 흥미있게 풀지도 못하고 오히려 짜증나게 연출했음   퍼즐푸는것처럼 해놨지만 그냥 일방적으로 따라감  아무것도 트릭을 풀지 못하고 뒤만 쫒아댕기다가 주먹질함   사운드가 바닥을 기는듯한 중저음도배   겁나느린템포의 화면  슬로우건듯한후까시   노브레인 배트맨   노화력 배트맨   빈약한 액숀   지루한스토리   깜깜한 화면
더 배트맨,어둡고 암울한 고담시티와 배트맨의 뉘앙스를 잘 담았다  반복적으로 흐르는 너바나 커트 코베인의                       는 영화   로 적격 우울했던 한때 자주 기타치며 불렀던 곡     연속 드라마를 보는 듯 진득한 스토리텔링과 긴 플레잉타임  두 편으로 나누지 좀 말았으면     난 평생 투명인간이었어  이젠 내가 보이겠지  모두 날 기억할 거야   폴 다노가 연기한 악역 리들러는 일베에 절여진 일부   남들을 떠올린다  리들러가 폭파테러와 함께 무기를 가지고 모이라고 선동해 모인 장면은 최근 부쩍 늘어난 역 앞 등 공공장소에서의 칼부림이 겹쳐 오싹했다 
더 배트맨,아니 평점 왜 낮아
더 배트맨,배트맨의 음울한 느낌이 역대급 배트맨이었고 배트모빌 도 레트로 느낌이 진짜 멋있었음   팔에 화살끼고 기냥 몸 으로 싸우는 아직 조금은 어설픈 초창기 배트맨의 모습이 더 공감   볼때마다 느낌이 달라서 결국은 소장   막 재밌고 그런건 아닌데 이상하게 땡김   매력있는 영화 
더 배트맨,음울한 분위기를 너무 잘 살려서 너무 좋았습니다  마블의 어줍짢은 농담따먹기에 질린분이라면 강추  특히 원작에서 비중이 적었던 수수께끼 리들러가 나와서 참 반가웠습니다   좀 더 인간적인 면이 부각된 배트맨을 원한다면 꼭 보세요
더 배트맨,부패 공직자들 처단하는 빌런으로 이전 시리즈와는 뭔가 다른 스타일   역시 조커 없으니 심심하네  악당들은 왜 배트맨 얼굴에 총을 쏘지 않냐    
더 배트맨,어두운 과거를 가진 배트맨의 어두운 활동
더 배트맨,최첨단장비로 무장하고  다때려부수는  눈요기거리  가득한 액션영화를 기대했다면  보지 마시길     그 어떤 배트맨영화중    코믹스의 배트맨을 가장 잘 표현한 영화라 생각함   
더 배트맨,   
더 배트맨,모든게 놀란 때문이다   히어로물을 예술로 승화시켜서 어설프게 따라하고 생각만 많이하다 망해버린 것   스토리  개연성      전부 실망  단지 배우들의 열연은 칭찬해주고 싶다   배트맨 시리즈의 팬으로서 너무 그들만의 예술영화화 되는 것은 반대한다 
더 배트맨,최악  리들러에 대한 해석말고는 의도도 없는데 재해석이라는 프레임만 가지고  촬영감독만 쥐어짠 느낌  더불어 시대착오적인 감독의 여성상에  대한  감상만 캣우먼에게 다 덮은 최악의 영화
더 배트맨,고뇌하는 배트맨    는 기필코 극장에서      
더 배트맨,뱃신이 아닌  한 탐정 자경단의 성장기
더 배트맨,루즈하네    다크나이트 외엔 자꾸 왜 만드는지 몰라   
더 배트맨,덜 나쁜 놈이 더 나쁜 놈을 잡는 수 밖에 
더 배트맨,영상미는 있는데 좀 음울한 분위기로 재미가 있는 편은 아니다
더 배트맨,진짜 다크나이트  부작 다음으로 재밌습니다  시간   분이라는 러닝타임이 길게 느껴지지도 않았어요
더 배트맨, 시간 동안의 추리   시간씩 끊어서 보면 나쁘지 않은 영화인데  한번에  보려면 살짝 지루해요 
더 배트맨,배트맨영화중 제일 잘됨
더 배트맨,배트맨을 통해 바라본 정의와 복수에 대한 아주 고루한 고찰 
더 배트맨,분위기는 좋다 실속은 없고 시간은 길다
더 배트맨,영웅이 될 것인가 악당이 될 것인가 운명을 결정할 선택만이 남았다
더 배트맨,배트맨 캐릭터 모르는 시키들이 천지구나
더 배트맨,호평하는 사람들은  뭘 본걸까        한 시간 짜리 스토리를 억지로 세시간으로 늘리니 모든 장면이 슬로우 모션이 되고   크게 잘못된 배경 음악   히스레저가 되고 싶었던 리들러    아무 역할이 없어야 영화가 살아나는 오히려   없어야 하는 캣우먼      단서는 의미없고  우연과 필연으로만 진행돠는 일방통행 스토리     비슷한 영화로는 라스트 제다이가 있겠네요 
더 배트맨,  깜깜하고    지루함  이런걸 돈 쳐들여서 왜 만드는지 모르겠음 
더 배트맨,   
더 배트맨,좀 아니다   지루하다  별거 아닌 스토리에 러닝타임은 오지게 길다   너무 음산하고 우울하고   액션물이라 할 수 있나  너무 싱겁다   하지만 이런 거 좋아하는 마니아들은 있을법하다    그냥 배트맨이란 네임 밸류로 봤다   시리즈 중 최악이 아닌가 싶다
더 배트맨,  의 매력은 충분히 발산됨
더 배트맨,다운그레이드 배트맨과 짭우먼  잡귄이 만들어낸 지루함의 대 서사시  배트맨이 아니라 그냥 범죄스릴러 였어도 비급으로 불릴만한 작품이었다  고전적 연출은 모두 가져다 붙여놓은   년대 영화를 보는 기분이다  안타깝게도 그   년대 황금기의 별로인 것만 붙여 놓은 모양새다  로버트 패틴슨의 배트맨으로 재탄생 하고픈 욕심으로 이전 배트맨의 명성마저 가라 앉히고 말았다  심심하고 허약한 악당들과 조연들만큼의  존재감도 없는 배트맨은 그저 안타까울 뿐이다 
더 배트맨,재미있음 한편을 세번에 쪼게서 봤지만    길거든  
더 배트맨,하드보일드 탐정 느와르의 팬이라면 만점짜리 행복을 줄 수 있는 영화임 
더 배트맨,진짜 제대로 어두운 배트맨 영화인듯 런닝타임이 좀 길지만 충분히 재밌네요 완전 제취향
더 배트맨,새로운 시각 재해석된 배트맨  밋밋하지만 그래도 볼만하다
더 배트맨,찐 배트맨   로버트 패티슨은  배트맨이 되고자 베울 한 듯 연출 하나하나 장면 하나하나 소중함 완벽 갓볏 영화관에서도 보고 소장도 함 시리즈  까지 내주시오     눈알로 연기하는 배트맨은 처음이라오
더 배트맨,어두운 분위기는 잘 살렸슴  
더 배트맨,이영화 절대강추 이다
더 배트맨,제발 노잼이면 러닝타임 좀 짧게 합시다
더 배트맨,내가 좋아하는 배트맨과 고담시가 담겨있음  히어로물의 과함과 화려함이 없어 넘 좋음  로버트 패틴슨이 배트맨이라고  곱상한 배트맨은 부조화 일 것 같아 보지 않고 있었으나 배트맨에 대한 애착으로 결국엔 보게되니  배트맨도 영화도 대단히 만족스럽고 재밌음  첫 배트맨 시리즈 영화부터 본 사람이라면 좋아할수있음  크리스토퍼놀란의 배트맨영화가 기준이 아니어야함
더 배트맨,원작 만화를 충실히 재현한 오리지널 팬들을 위한 영화  문제는 그 원작의 발표시점이     년이라는 점  철지난 하드보일드 스타일을 표방한 반전없는 추리극도 비추의 요소 
더 배트맨,기대와 달리 상당히 지루했음   음울한 고담시티의 분위기는 좋았고  펭귄이 콜린 파렐이었다는 사실에 개깜놀  어여쁜 조 크라비츠에게서 희한하게 자꾸    지민이가 보였고  무엇보다 가장 기억에 남는 건    배트맨의 성난 등근육과 시종일관 낮은 속삭임     
더 배트맨,우울한 너바나 음악 틀어놓고 침침한 방에서 혼자 생각 자주 하면 나도 배트맨이겠네 
더 배트맨,지금     년 우리의 현실을 반영하며 정의란 무엇인가에 대한  생각을 일깨워주는 역사 같은 영화
더 배트맨,화려한   에 질린 요즘의 히어로물과는   만의 어두운 느낌을 잘살렸고 캐스팅도 잘했음  다만   정의로움  자동차씬에서 한놈 잡겠다고 개난리를쳐서 민간인은 죽든말든 신경 안쓰는게 그게 정의  그냥 살인범이지 
더 배트맨,기대 안했음에도 실망
더 배트맨,어벤져스처럼 손짓한번이면 도시가 박살라고 이런 건 없지만 초창기 배트맨 다운 영화 오랫만에 몰입해서 끝까지 봤네요 저는 나름 재미있게 봤습니다  점 드림
더 배트맨,역대 배트맨 중에 잴 별로다  허접하고  그동안의 배트맨을 짜집기한 졸작이다  팀버튼  크리스찬 베일  밴 에플랙  앤 해서웨이  톰 하디  호아킨 피닉스    아무도 안보인다   시리즈로 다음편은 제발 만들지 말기를       
더 배트맨,카 체이싱 장면  오프닝씬 말고는 영화가 너무 어둡고 살짝 지루함
더 배트맨,어른들의 우울하며 고독한 히어로물  고담과 배트맨의 서막이구만
더 배트맨,이제 배트맨은 그만 볼까한다 
더 배트맨,영화의 톤이 어둡고 음습해서 답답하게 느껴지더라   그것이 장점일 수 있겠다 싶지만서도      히어로물이기에 배트맨의 멋진 액션신을 기대해 보지만 인상적인 장면은  개인적으로  드물었다       는 익숙한 곡에 반갑고 좋았지만 간혹 남발하지 않았나 싶었고  더 배트맨 의 장점으로 칭찬받는 사건을 쫓는 탐정물로서의 서사가 내게는 흥미가 떨어져 장점으로 여겨지지 못했던 것 같다  하지만 기존 배트맨 영화에서  더 배트맨 만이 가질 수 있는 오리지널리티는 획듯한듯 싶다 
더 배트맨,이 좋은 소재로 어떻게 이리 쓰레기를 만드냐 모든게 노답이지만 스토리가 쓰렉  배역들 설정도 쓰렉
더 배트맨,팀버튼의 배트맨 이후 최고의 배트맨  맨날 스토리없이 때려부수는 영웅물이나 좋아하는 사람들은 볼 생각 하지 말기  그들에겐 너무 지루한 배트맨이 될 것이다  배트맨의 감정선을 따라 가면서 그가 하나씩 하나씩 수수께끼를 풀어가는 모습을 보다보면 언제  시간이 다 지났나 싶다  워낙 팀버튼의 배트맨이 임팩트가 커서 감히 우열을 이야기 하기 힘들지만 최고의 배트맨 중 하나임에는 틀림없다 
더 배트맨,생략
더 배트맨,어둡고 습하다   종전에 어느 정도 완성된 배트맨과 다르게 완성되어 가는 과정의 배트맨
더 배트맨,음울하고 시궁창 냄새나는 본연의 모습으로 돌아간 진짜 배트맨 영화
더 배트맨, 시간 짜리라 다들 지루해 하는 것 같은데    권력  폭력의 속성을 드러내며 탐욕스런 인간 본연의    를 재확인 할 수 있어서 좋았음  남의 것을 빼앗는 것   그건 인간의 순수하고 자연스런 모습이다  위선떨지 말고 그대로 인식할 것  모든 문제 해결의 근본은 현상을 그대로 인식할 줄 아는 것에서 출발한다  미화하지도 말고 악마화 하지도 말것  저스티스  정의는 파괴를 통해 이루어지나니   에이 멘  악에 물든 검사를 보니  잔고증명 위조한 줄리 장모가 한 말이 바로 떠올랐다   판사는 돈 싫어 해      
더 배트맨,정말 너무 지루했음  액션도 약하고 배트맨역도 좀 멍청해보이고  별로임 
더 배트맨,배트맨 영화 특유의 어두운 분위기는 역대급이다 
더 배트맨,액션과 환상을 기대한다면 배트맨 시리즈를 잘못 이해하는 것이다  이 구닥다리 버젼은 그런 애니메이션이 아니다  이건 다크나이트 서사를 잇는 존엄의 연장이자 리얼하고 현실적인 사투를 그린다  아니 그 보다 더 심오하다 못해  심각한 질문들로 가득하다  영화 속 물음표는 그래서 곧 우리  관객들을 향한  질문이자 손짓이다  서로 다른 가면을 쓰고 우리가 걸을 길에 대한 명확한 길을 묻고 있다  정의와 자유와 연대와 희생을 향해 당신도 일부의 빚을 감내할 수 있는지를 그 어떤 시리즈보다 더욱 심각하게 물으며 배트맨 시리즈의 리뉴얼을 당당히 알리고 있다  떨린다  이런 재개발이라면 기꺼이 희망을 걸고 기대할 수 있겠다 
더 배트맨,너무 기대하고 봤다  그래도 배트맨 
더 배트맨,  
더 배트맨,어둡괴 외롭고 처연한 분위기가 좋다  배트맨의 깍다만듯한 수염은 격무에 지치고 심적으로 불안한 내면을 제대로 표현했다  캣우먼과의 안타까운 이별을 보여주는 갈림길에서 서로 반대 방향으로 달리는 두 오토바이 장면도 인상적이다 
더 배트맨, 밥 영알못들이 무슨 마블 히어로영화가 아니라서 징징대는게 꼬수워서 점수 준다 다크나이트 이후로 가장 원작에 충실한 배트맨 영화다 근데 좀 긴건 인정  
더 배트맨,크리스토버 놀란 팀 버튼 감독의 작품들 보단 살짝 아쉬웠지만 나름 감독이  설정을 잘 선택해서 연출한 작품 
더 배트맨,와 난 이거보고 너무 좋아서  회차 뛰고    까지 샀는데   음울한 분위기 속에서 희망을 찾은게 너무너무 좋았음  하지만 여러 의견을 보게되네 호불호가 진짜 갈리는구나  나는 무조건 만점 특히 연출부문은 정말 어마무시했다 난 오히려 영화가 시간상 모든걸 다 담을 수 없던게 아쉬웠는데  진짜 아쉬운점이라면 이정도 스토리 분량이라면 차라리 드라마를 제작하는게 어땠을지 싶고   
더 배트맨,무겁게 짖누르는 내적 갈등
더 배트맨, 
더 배트맨,최근 본 코믹스 기반 영화중 약간 지루 하긴 했지만 잼있게  본 영화  특히 캣우먼역으로 나온 조 크라비츠가 가발쓴 머습이 너무 섹시해서 넋놓고 감상함       
더 배트맨,배트맨이라는 캐릭터에 가장 잘 맞는 영화                이 영화가 엄청난 이유이다  하지만 캣우먼과의 사랑은 어울리지 않았다
더 배트맨,배트맨 리부트 인듯한    년대 느낌을 최대한 살려서   기름기 쫙  빼고 웃음기  도 없고 액션감 확 줄이고   나름 무거운 분위기로 진지한 면은 영화에 집중하게끔 함  
더 배트맨,배트맨이 아직 배트맨으로서의 정체성을 확실시 하기 전의 이야기라서 더욱 좋았습니다  아직 서투르기때문에 실수도 하고 그런 모습이 잘 그려진것같습니다  활동 초기 배트맨이라서 더 매력적인   그리고 장면 장면 연출이 정말 멋있었습니다
더 배트맨,     
더 배트맨,지루하고 시종일관 무게잡고 어두운 분위기
더 배트맨,배트맨의 내적인 갈등을 표현하는 내용은 좋았지만    가 관객들의 마음을 사로잡기 위해서는 이런 어두운 모습보다는 다크나이트 시리즈 쪽이 배트맨으로서는 더 매력있다는 생각이 든다  원더우먼에서 저스티스리그까지 이어진 히어로들에 매료되었던 관객들에게 이런 스토리는 매력적으로 다가오긴 힘들었을듯 
더 배트맨,헐리웃 친구들은 고민을 포기한것 같음    세상에나   를 밴치마킹한 왓치맨을 밴치 마킹 하다니            차라리 왓치맨 나 만들지 굳이 왜 이딴걸            지딴엔 참신한척 하면서 표절하는게 개같이 너무나 역겨움    
더 배트맨,좀 지루하네요 
더 배트맨,전체적인 영화의색 원작에 가깝게의도한연출 주인공과 등장인물의 디테일살아있는 수준높은 퍼포먼스 넘치는연기 다좋은데 보기너무심심하다 이영화를 삭제않하고 끝까지봐왔던것은 어둡고우울한 영화의색체가 맘에들어서이다 음악으로 표현하자면 고딕블러드 록      년 중반부터     년 초까지 간간히나오던 트립합나름요즘나오는맬랑 한음악 미디어 영상 그따구보다 는좋지  전체적줄거리 각색 대본 빼고다좋아 그게제일중요한건데 주인공 브루스웨인연기도잘햇는데 그보다 켓우먼 조클라비츠 연기가더좋앗음
더 배트맨,난 좋았다   배트맨다운 영화였다   지루하다는사란들은      화려한 마블로 가심이  
더 배트맨,탐정추리물배트맨에 벤 에플렉 배트맨처럼 죽이는 바트맨이아닌 배트맨 원작 거의 그대로 반영한 최고의 영화  배트모빌이 멋지지않다 배트싸이클이 멋지지않다 배트맨아 너무약하다라고 하시는분들은 이해못하신게 이번배트맨은  년차이고 아직 미성숙한 배트맨입니다 그리고 히어로 영화인지 스릴러인지 모르시는 분들이 많은데배트맨에 초기설정은 탐정입니다 영화사  는 디텍티브코믹스의 줄인말인데 즉 탐정만화입니다  즉 배트맨은 탐정이고 스릴러에 속한다고 보시면됩니다  그리고 배트맨의 장비중에 날다람쥐 처럼 날아다닐때 썼던 윙슈트도 실제로 존재하는 옷입니다 그리고  역대배트맨 영화중에 가장 실사화적인 영화라 저로서는 개인적으로 다크나이트처럼 말도안되는 장비들이 나오는것보단 더배트맨에 나오는 장비들이 더 배트맨에게 잘어울린다고생각합니다
더 배트맨,지루함
더 배트맨,주인공이 배트맨을 또다른 시선으로 바라보게 했던 영화  히어로라는 말보다 배트맨도 하나의 인간이였고 그가 겪은 고통의 어떻게 그를 만들었는지 아직도 겉으론 강인해 보이지만 내면의 슬픔이 주인공을 통해 느껴지는데 와 내면 연기 최강입니다 아쉬운건 캣우먼 역할 하신분      
더 배트맨,선 댓글에 인정해 쓸 말이 없다 굳이 쓴다면 왜죠 
더 배트맨,오랜만에 본 수작  시간이 길게 느껴지지 않음
더 배트맨,놀란의  부작 배트맨과 벤 애플렉의 배트맨 사이 어딘가에서 해매는 배트맨  놀란표  부작과 같은 진지함을 담고 싶었던 건 이해하겠는데  그걸 한 편에 다 우겨 넣으려다 보니  시간 내내 시종일관 그냥 숨막히게 진지하기만 하네   다크나이트의 조커가 이 영화를 본다면 한마디 하겠구만                  그리고 캣우먼 마스크 어쩔거야    
더 배트맨,가장 탐정스러운 배트맨이였음  액션이 많았던 배트맨시리즈도 물론 좋지만    이런 스타일도 좋네요 만족스러워요   
더 배트맨,이건 무슨 히어로 영화인지 스릴러인지    배트맨 무기들도 신박한거 하나도 없고  차도 오토바이도 일반거와 머가 다른거임   그리고 역사상 가장 약한 배트맨과 캣우먼  일반인들 상대로도 고군분투하면서 서로 도와줌  악역도 조커처럼 매력이 있는 것도 아니고  그냥 기분나쁜 싸이코 느낌  그래도 배트맨이라고 하면 초능력이 있는건 아니지만  신기한 무기들과 뽐새나는 아우라가 있었는데  이건 머 그냥 일반사람이 마스크쓰고 싸우는 거 같음 
더 배트맨,코믹스 원작 영화라는 수식어에 정확하게 걸맞는 이야기와 캐릭터  분위기  애를 많이 썼고 결코 재미없는 영화는 아니지만  배트맨 영화라고 하기에는 뭔가 많이 아쉽지   
더 배트맨,  
더 배트맨,진지한 설정인데     물리학 적용은 개판임     
더 배트맨,내가 본 배트맨 영화중 최학
더 배트맨, 
더 배트맨,크리스토퍼 놀란 감독의 배트맨을 기대한다면 꽤나 지루하고 실망할 법한 영화 어둡고 음침한 분위기의 고담시에서  메인 빌런인 리들러의 수수께끼를 풀어나가는  배트맨의 추리극이라고 봐야 할 것 같다 사건 중심으로 이어지는 전개라 그런지  케릭터 하나하나의 임펙트는 약하다 무난하게 킬링타임으로 보기에 괜찮은 영화
더 배트맨,놀란의 다크나이트가 얼마나 대단했는지 세삼 느낌  크리스챤베일 웨어아유
더 배트맨,원수에게 강추하는 영화   
더 배트맨,배트맨 코스튬이  갈수록 못생겨지는 이유는   배우코가 뭉뚝해서 그런가  
더 배트맨,호불호가 갈리겠지만 나는 호다  비록 히어로는 잃었지만 인간 배트맨과 인간 악당들의 인간적인 싸움이 더 흥미진진 하다고나 해야할까나  감독이 말하고자하는 바는 어느정도 알겠지만 좀 허술하고 액션씬도 그닥이지만 영상미와 음악이 하나의 대서사시를 잘 만들어 낸   차라리 배트맨이 아니라 아주 신선한 자경단을 만들어내서 꼭 이런 이야기를 풀어냈다면 오히려 더 많은 호응을 받지 않았을까하는 하지만 묵직함으로 돌아온 배트맨은 환영 후속작이 나오길 기대 
더 배트맨,연예인은 광대고 영화는 엔터라고 생각하는 나에겐 불편함  이런 부류의 영화가  억 달러 수입에 북미 평가가 그렇게 후한 걸 보면  배트맨 은 그냥  치트키 인듯 하다  동네 아저씨가 만들어도  배트맨 이면 흥행 보증 
더 배트맨,빼뜨맨이 중 병 걸린 것 같은 설정만 좀 그렇고 몰입도는 괜찮았다
더 배트맨,슬로 모션인줄   
더 배트맨,긴 러닝타임을 극복한  히어로 무비  더 배트맨은 슈퍼 히어로가 아닌  그냥 자경단
더 배트맨,시원한 액션은 많진 않지만 그래도 분위기가 꽤 취향 저격이라 몰입해서 봤네요 그리고 배트맨의 새로운 모습이 보인 것 같아  참 좋았고 왠지 사랑에 대해서는 우물쭈물하는 모습이 킬 포인트인 것 같네요  
더 배트맨,나름 볼만함   자동차 추격  창문 깨고 난입  어둠 속 총을 든 괴한과의 혈투
더 배트맨,배트맨영화를 너무 오랫만에 봐서 그런가 그냥   그냥 무지 지루하고 재미없다라는 말밖에 안나옴     시간 가까이 되는 런닝타임인데 한   시간의 느낌   시간이 너무 아깝다      
더 배트맨,초반 지루한 점이 없지 않아 있었으나  중반이후 원작에 충실한 전개가 나쁘지 만은 않았다  배우들의 조회와 나중에 조커와의 연결이 자연스럽게 될것 같은 기대감 
더 배트맨,가장 현실적인 모습의 배트맨이 아닐까 생각합니다 무슨 특수능력이 있는것도 아니고 전국구 히어로도 아니고 고담시 로컬 히어로라 끝에 사람들 구조하할때 전국 뉴스 중계하는거 보면 배트맨이 누군지도 모름 그냥 자경단이라고만 나오죠 뭐 너무 기대들 하시고 보셔서 평점이 박할수도 있지만 충분히 새롭고 흥미롭게 해석했다고 봅니다    점짜리 영화일순 없지만 평점이 너무 낮은것 같아 저는   점으로 하겠습니다
더 배트맨,귀한 시간 버렸다 
더 배트맨,묵직하거나 둔하거나
더 배트맨,하    놀란 버전 보다가 이걸 보니 참     그냥   분짜리로 만들던가 하지  그럼 시간이라도 덜 아까웠을텐데    말라 비틀어진 북어같은 배트맨과 졸려서 쓰러질 거 같은 세시간을 보내고 싶으신 분에게 추천 
더 배트맨,하 너무 지루하던데 지금까지의 배트맨과는 결을 달리하는 어두운 부분만이 부각됨  이런거 좋아하는 사람들에겐 어필했을듯 
더 배트맨,재밌게 봤습니다 고담은 역시 지옥같네요
더 배트맨,에휴 이게 먼  배트맨
더 배트맨,어둡고  잘 안보이고  지루하고  재미없음  쓰레기 
더 배트맨,로버트 패틴슨 기대 안하고 봐서 그런가 재밋던데  개인적으로 조커보다 재밋게 봄  최근 본 영화중에 음악 음향효과를 최고로 잘만든듯  우울한 분위기 싫어하는 사람은 비추임
더 배트맨,토렌토로 스킵하면서봤습니다  재미없어서 하도 스킵을하다보니   분만에봤네요
더 배트맨,배트맨  인간극장 버전 
더 배트맨,촬영이 미쳤다  내내 어두운 톤이라 눈이 피로할수도 있지만 뛰어난 영상미  감각적인 연출로  시간은 그냥 지나간다  마지막은 쿠키인건가  그냥 패스하자  
더 배트맨,배트맨이 갈 수록 찌질해 지네   생긴 것도 찌질   그리고 뭔 가면 쳐 쓰고 준비물을 그렇게 많이 가지고 다녀 
더 배트맨,평점이 낮아서 기대 안하고 봤다  개재미있었다  세븐의 묵직한 느낌이 있었고 과거 어린이용 베트맨의 둔한 동작과 달리 빠르고 산뜻한 액션이 좋았다  시종일관 긴장감을 유지하는 음악  연출  조명  연기  분위기 모두 다 압권이었다    년에 한번 나올까말까한 명작이고 이런 경이적인 작품에 똥별  개 뿌리는 애들은 동화책이라도 좀 많이 읽어라  영상물에 너무 오염되면 판단력이 흐려진다 
더 배트맨,   
더 배트맨,재밌네요 
더 배트맨,와   배트맨   이야   패틴슨 빼고는 볼 거 없는        영화가 이럴 줄은   캣 우먼 매력없는 캐스팅   한마디로 굉장히 아쉬운 영화 같아요   괜찮을 줄 알았는데   천룡팔부     이나 보러 가야 겠네요       
더 배트맨,내 인내심은  시간   분에 불과했다
더 배트맨,왜 이따구로 만들었을까 
더 배트맨,당신의 시간은 소중합니다  나중에 정말 시간이 남아돌때 보시길 추천합니다
더 배트맨,배트맨이 배트맨 다워서 좋았다
더 배트맨,배트맨   검찰
더 배트맨,정말 대단한 영화입니다  로버트패틴슨과 다른 배우들의 연기가 다 좋았구요 연출도  기가 막힙니다  고담시티의 모습을 이토록 암울하게 그린 배트맨이 없었죠  특히 제가 좋아하는 너바나의 목소리를 듣는순간 이 영화 뭔가 심상찮다 생각했는데 역시나  시간이 어떻게 갔는지 모르겠습니다  또 한번 봐야겠어요  매트 리브스 감독 짱짱맨  
더 배트맨,중 병 배트맨
더 배트맨,스파이더맨이고 배트맨이고 맛탱이 제대로 가버렸네 뭔내옹인지도 뭐르겠고  눈탱이는 왜그렇게 하고 나오는지  시간보다 껐습니다    내가 닑어서 그런가      
더 배트맨,배트맨 컨셉은 좋았는데 너무 길고 가장 중요한 배트맨 슈트 디자인이 내 취향이 아니다   배트맨비욘드 를 실사화 했으면 어땠을까   하는 생각이 드는 느낌의 배트맨 
더 배트맨,스릴러  서스펜스 느낌으로 간 건 정말 좋았음  배트맨의 또 다른 정체성이자 이름인 탐정에 걸 맞는 느낌이랄까  하지만 그 느낌과 질감은 잘 살렸지만 무릎을 탁 치는 수수께끼와 풀이는 약해서 아쉬움   시간의 런타임에 비해 관객도 같이 수수께끼를 풀려고 아득바득 달려들게 만들 몰입도는 금방 소모되버려서 쏘우나 세븐 같이 저 새  어떻게든 잡고만다 라는 의욕이 안 생김  보고 있다 보면 알아서 답을 말해주니까    답에 대한 밀당을 좀 했으면 더 재밌지 않았을까   보기 전에 배트맨 이어원이랑 롱할로윈 찾으면 금방 나오니까 보는 것도 나쁘지 않음  배트맨도 처음부터 줠라짱쎄 캐릭터는 아니였구나 라는 걸 알고 봐야 재밌을 듯  많이 비교하는 저스티스리그 배트맨도   년 짬밥 배트맨이었음  그래도 이 정도면 꿀잼
더 배트맨,솔직히 밝은화면의 온가족관람가의 삐까번쩍한 히어로물을 좋아하는 이들은 졸릴것이다  하지만 묵직하고 투박하고 어둡고 복수만을 위한 배트맨의 아날로그적 묘사와 그의 성장 그리고 또 성장할 빌런들을 잘 그려냈다   가장 공포스러운건 모두 같은 복면을한 악당들이 아닌가    어디서건 얼마든지 튀어나올수 있는 그것들은 바퀴처럼 무섭다  일대일 맞장물을 좋아하는 사람들이라면 빌런이 약하다라고 할지도    이 영화에선 배트맨 자체가 빌런이었다  그가 복수인 동안은 말이다   이걸  부작이라고 가정한다면 배트맨 비긴즈보다 더 나은 시작이라고 생각한다  
더 배트맨,저예산 드라마급 배트맨   플레이타임의     가 개폼잡는거에 들어감  
더 배트맨,게폼만 잔뜩 잡고 별 알멩이도 없는 영웅주의만 남발  역대 최악 배트맨 시리즈  고루한 답습이 전편을 짓누르는  어둡고 칙칙  그건 이미 다 써먹은 이미지  그걸 더 새롭고 신선하고 혁신적으로 만들어야 성공적일텐데  셀레나와의 연정도 예측밖을 벗어나지 못해  액션은 차량 추격씬 딱 하나만 볼만  배트맨의 고유의 장점마저 못살린  원인을 곰곰 생각해보면 패틴슨이 미스 캐스팅  이미 뱀파이어 영화에서 다크 이미지 식상한 부분이 몰입 방해  신선도가 확 떨어져  이게 초장부터 시청자를 안정적으로 끌어 들이지 못한  리들리와 지능 대결 그나마 볼거리 하나로 끝까지 시청할 동인 제공  대한민국이 고담 같다는 생각  빌런들이 지배하는 세상  가끔 영웅들이 등장해 정상을 걷지만 곧 따른 빌런들이 어지럽혀  헬대한민국
더 배트맨,패틴슨  정신줄 놓은 미친 미스캐스팅이 완전히 망친 영화 
더 배트맨,초반에 너무 지루함 분위기에 너무 집착한 나머지 화면이 한번도 밝아지지 않아요 솔직히 좀 피로함 패틴슨의 분위기와 캣우먼은 좋았고 카체이싱 이후로 재미가 살아남 하지만 내용의 곁가지가 너무많고 너무김  편에선 좀더 명확한 갈등구조가 생기면 어떨까   
더 배트맨,배트맨스러운 영화  한 명의 자경단이 영웅이 되는 과정
더 배트맨,사람들이 옛날에 터미네이터     어비스 등을 보고 트루 라이즈를 보러 갔다가 코미디인걸 알고 실망했던 걸 기억합니다  이해합니다  저도 실망했습니다  이 영화는 그나마 나오는 전투 장면도 클로즈업으로 잡을 만큼 볼 거리는 맍지 않습니다  제작비도 놀란 영화만큼 든 거 같지는 않습니다  하지만 그럼에도 이 영화는 그 어떤 배트맨 보다 대단했습니다  다른 시각으로 영화를 즐길 줄도 아는 사람이라면 분명 후회하지 않았을 것입니다  우리는 너무도 깨부시는 돈만 들이는 영화들에 익숙해 있는지도 모르겠습니다      에서 왜 이 영화가  점 이상을 받았는지 공감이 갑니다  며칠동안 이 영화가 머릿속에서 떠나지 않을 거 같네요  저는   만화를 본 적도 마블 책 팬도 아닙니다  하지만 걸작과 졸작은 구별가능요 
더 배트맨,팀버튼의 위대함을 다시한번 느꼈다
더 배트맨,이 식상하고 지루한 걸 굳이  시간이나 끄는 이유는 뭘까   
더 배트맨,이런 어설픈 영화를  시간이 보고 있으려니 언제 끝나나 시계를 몇 번이나 봤는지 모르겠다       평점에 완전 속았다   만명에    점이라 굳게 믿었는데   여기 다음 평점을  봤어야 했어    영화가 액션은 좀 약해도 괜찮은데 유치원생이 쓴 것 같은 스토리는 도대체 어쩔   맨날   년 넘은 유물 수퍼 히어로 캐릭터 울궈먹으면서 한발짝 못 나가는 미국 영화 산업계가 안타깝다  이번을 계기로 얘네들은 평생 볼 이유가 없을 것 같다   
더 배트맨,너무 재밌어    배트맨이 원래 이렇게 멋있는 히어로였나 
더 배트맨,역대급 다크니스
더 배트맨,아이 엠 리벤지
더 배트맨,가장 보통인간에 가까운 슈퍼히어로  배트맨 그어두운 세계관의 등장    오락을 뺴면 다크나이트랑 비벼볼만하지 않을까  로버트패틴슨은 가면을 썼을때  더 멋있음   
더 배트맨,기다려왔던 느와르 탐정물 형식으 배트맨  다크다크한 고담의 분위기를 흠씬 풍기며 어딘가 망가진 브루스 웨인을 보게 된다  뜬금없는 로멘스만 좀 없었다면 하는 아쉬움  그래도 좋다 
더 배트맨,돈낭비 시간낭비    길고 지루함 노잼 뭘 이렇게 질질 끌고 질질질지맂맂리지질끄냐
더 배트맨,배트맨 기대하고 갔다가 정말 지루해서 미치는줄 알았다 
더 배트맨,히어로물 영화보다가  잠든적은 첨임
더 배트맨,지루하다는 평으로 인해 갈등이 있었으나 내가 보다가 앗 이거다 하는 작품은 대부분 그런 평을 보았던 과거를 회상하며 되려 기대감을 갖고 본 더 배트맨 디씨물이나 배트맨의 오랜 팬으로서 단편보다는 무엇이든 장편을 선호하며 시간이 걸리더라도 긴글을 읽어내려가는 것에 더 큰 흥미를 느끼는 나의 기질로서는  러닝타임이 전혀 길지 않게 느껴졌다  좀 걸린 건 남주가 과연 배트맨이란 캐릭터를 잘 소화해냈을까라는 의구심이였는데 그런 의구심에 허를 날려준 남주에게 되려 빠져버린 기분  개인적으로 몰입도 높게 보았고 가볍지 않아서 되려 좋았다  로버트 패티슨에게 배트슈트를 입히겠다고  그리 남주가 없나 요즘   별의별 의구심에 속으로 어디보자 했던 나에게  흡족함까지 준  더 배트맨이였다  참  쿠키영상같은거 없다 
더 배트맨,새로운 배트맨의 탄생이다      의 우울한 분위기를 좋아한다면 극호  호불호가 갈릴만한 영화
더 배트맨,대체 뭔 영화를 이따위로 만듭니까
더 배트맨,  년동안 극장가서 잔적이 한번  두번으로 바뀌게 해줄뻔한 영화
더 배트맨,수작이다  부패한 관료  미성숙한 시민들로 인해 법치가 무너진 고담시에서 배트맨은 개인적 감정 대신 희망을 위한 길을 선택했다  불합리한 사회구조에 분노하며 사적인 복수심으로 시민을 선동하느냐  아니면 공동선을 위하여 시민에게 희망이 되느냐는 문제는 종이 한 장 차이처럼 보이지만 실로 엄청난 선택지이기도 하다  기존 배트맨 시리즈보다 더 인간적인 배트맨의 고뇌와 감정이 느껴진다 
더 배트맨,평점 믿으면 안될듯 안보면 후회할뻔 했네요  세시간이 길 줄 알았지만 나름 몰입도도 괜찬고 볼만합니다   마블식 영화에 빠진 사람들이 평점 낮게 준듯  다크나이트보다 살짝 못하지만 감독이 심혈을 기울인게 보입니다  영화관에서 보세요 강추합니다 
더 배트맨,저번주 예매했다가 평점만보고 취소후 이상한나라의수학자봄   그리고 어제 더 배트맨봤는데 큰아이들왈  누가 배트맨 재미없대 수학자보다 더 재미있던데  나도 고딩 중딩 아이들도 아주 잘  보고왔다  세시간이 후딱 지나간듯
더 배트맨,목소리 깔지 마라
더 배트맨,매우 좋았습니다  한시도 지루 하지 않았음  캣우먼도 역대 캣우먼중에 제일 예쁨 모든 밸런스가 잘 평정심을 유지하고 있네요 
이상한 나라의 수학자,뻔한 스토리 같지만 촌스럽지 않으며 잔잔하지만 큰 울림이 있고 매우 교육적인 참 볼만한 영화
이상한 나라의 수학자,최민식 메인에 어린 우들과 합도 좋고  쓰잘데기없는 서사도 별로 없고 하고자 하는 스토리만 뽑은 군더더기 없는 잔잔한 영화
이상한 나라의 수학자,공산당조차 학자 귀한 줄 아는데  학문 언론 억압하는 굥산당 멧돼지파 싫다
이상한 나라의 수학자,최민식 님은 물론 학생 역의 김동휘와 박해준씨의 적은 분량이지만 어마어마한 매력을 맛보게 해 준 영화였다  이야기는 모두가 예상하는 대로 그대로 흘러 갔지만 그래도 나는 너무 좋아서 큰 돈 주고 블루레이는 아예 없으니 디비디라도 구매  주문하고 기다리는 중  감사합니다  좋은 영화      가장 기억에 남는 장면은 김동휘와 최민식님  그리고 그들의 비밀을 알아 버린 김동휘를 짝사랑하는 조윤서가 별거 아닌 거 가지고 웃으면서 걸어가는 장면을 뒤에서 담는 부분이었습니다  음악도 좋았고 조명도 훌륭했습니다  
이상한 나라의 수학자,아주 감동적인 영화 잘 봤습니다 
이상한 나라의 수학자,어느 정도 예상되는 전개  그래도 좋았다
이상한 나라의 수학자,조은영화  따뜻하고 가슴 뭉클한 영화 무엇이 좋은가보다는그저 조은 영화 인간적 냄새가 풀풀나나 최민식 연기 정말 최고  
이상한 나라의 수학자,최근에 보기 어려운 영화다  자극적 장면 없이  잔잔한 감동은 준다 
이상한 나라의 수학자,재밌음
이상한 나라의 수학자,좋네요
이상한 나라의 수학자,이제서야 봤지만  영화가 더 흥행 해서  이런 영화들이 많이 나왔으면 좋겠네   물 흐르는 듯한 서사  삶의 통찰이 엿보이는 명언  역사 최민식은 최민식이구나 하는 깊은 연기력  간만에 한국 영화 수작을 보았다 
이상한 나라의 수학자,아역배우들 연기가 좀 아쉽네
이상한 나라의 수학자,좋아요
이상한 나라의 수학자,대사들이 참 좋고 따뜻함
이상한 나라의 수학자,감독님이  파인딩 포레스터를 너무 많이 보신듯 하네요 
이상한 나라의 수학자,파이 가 음악이라면서 
이상한 나라의 수학자,영화 무한 반복 감상중입니다  극장에서 봤으면 더 좋았을텐대 하는 아쉬움 간만에 마음이 따뜻해지는 영화를 만나 너무 좋네요  행복합니다   
이상한 나라의 수학자,탄탄한 스토리라인을 기반으로 잔잔한 감동과 세상의 이치를 전달하고  한국 교육과 사회의 폐단  그리고 암면을 거리낌없이 표현한 작품 
이상한 나라의 수학자, 
이상한 나라의 수학자,가족  삶  이데올로기   넘  가동있게  보았습니다
이상한 나라의 수학자,정말 괜찮은 영화를 이제서야 봤네
이상한 나라의 수학자,최민식 배우님뿐아니라 고등학생 연기한 배우들도 너무 자연스럽고 좋았습니다  청소년 자녀와 함께 보면 공부 뿐아니라 남북문제에 대해서도 생각해보게 할 좋은 소재의 영화였어요
이상한 나라의 수학자,수작이다
이상한 나라의 수학자,무조건 보세요
이상한 나라의 수학자,친해지려고 하는기야 좋은 영화 명대사입니다
이상한 나라의 수학자,아쉽다   이건 촬영 분위기  캐릭터 부터 깊게 고민을 했어야했다  등장인물이 달라질때마다 영화 장르가 다르게 느껴질 정도로 이질적이고 등장민물들관의 서사가 자연스럽지가 않다  스토리 흐름의 편집도 무언가 뚝뚝 끊기는 느낌   좋은 배우와 아이템을 두고 아쉬운 결과물을 만든영화
이상한 나라의 수학자,간냐들 영화 이렇게 밖에 못 만드나   마지막에 뭔 코미디를 하나   보지 마라  일 없다     
이상한 나라의 수학자,굿
이상한 나라의 수학자,쇼츠에 익숙해져 좀처럼 몰입이 안되는 내게  한편을 다 보게 만들었다  극본 감독 연기 모두 대단하다 
이상한 나라의 수학자,탈북자 중 북한 피아니스트가 있었는데  피아노 학원 강사로 취업됬었는데  두 달 만에 때리쳤대요   피아노 치기  싫어하는 아이들이 피아노  학원에 오는게 이해가 않되었다고
이상한 나라의 수학자,죽은 시인의 사회보다는 여인의 향기급 최민식 배우님은 알 파치노급
이상한 나라의 수학자,참 이상한 나라다  복잡한 문제 해결을 답 정해놓고 이거라고 얘기하면 끝이다  거기에 대고 따지려들면 매장당한다  늘 그래왔다  문제가 뭐가 됐든 상관없다  프레임 바꾸면 되니까  행복이 뭔지 성공이 뭔지 사람답게 사는 게 뭔지 자꾸 잊는 것 같다  누가 친구고 누가 이웃인지 모르겠다  사람 사는 세상이 맞는지 자꾸 의심이 든다  그래도 바꿔보겠다고 용기있는 사람들이 내일 또 거리로 나선다 
이상한 나라의 수학자,최민식을 비롯한 출연 배우들의 연기는 나쁘지 않았지만  스토리가 너무 엉망이었다  재미도 없고 감동도 없는 영화     이 영화 평점 진정 의심스러움   
이상한 나라의 수학자,독특한 설정에 평이한 드라마   그리고 한국식 신파가 잘 섞인 작품  후반부의 억지스러운 전개와 최민식의 원맨쇼에 기댄 연출이 많이 아쉽다  그럼에도 충분히 미소지으며 보기 좋은 작품이었다 
이상한 나라의 수학자,중학교 시절 오로지 정답만을 내놓으라며   파이프로 매 수업시간마다 내 허벅지에 멍을 새겨넣던 어느 여교사에 분노해서 수학이라면 쳐다도 보기 싫어한 나에게 힐링을 준 영화  수학이 가진 의미와 아름다움을 와닿게 해주면서도 오로지 정답만을 내놓으라 말하는 이 사회의 교육 시스템을 모두 보여준 좋은 영화  개인적으로 꽃피는 봄이오면 이후로 최민식 배우님이 연기한 가장 푸근한 배역이었던 것 같다 
이상한 나라의 수학자,마지막 연설 부분만 좀 식상하지 않게 매끄러웠으면   바흐가 다시 좋아지고 원주율이 음악이라는 사실이 너무 신비로웠다 좋은 영화였음
이상한 나라의 수학자,최민식이 있어  알 파치노 나 로빈 윌리엄스 가 부럽지 않네  
이상한 나라의 수학자,엄청 유치함
이상한 나라의 수학자,별 기대없이  최민식 배우 연기가 궁금해서 본건데 나이를 초월한 투박한 우정이 멋지네요  상대배우인 김동휘 배우의 다음 작품도 기대됩니다 
이상한 나라의 수학자,수학을 좋아했던 고등학생때로 돌아가서 정말 재밋게 봤었습니다  이학성 동무의 대사에 많은 부끄러움을 느꼈고요    잔잔한 스토리로 쭈욱 밀고가서 결말이 나왔으면 너무 좋았을 것 같은데  짧은 시간 내에 입시비리와 북한과의 이슈  탈북민 문제 등의 너무 많은 내용을 풀어가려는 욕심이 좀 앞서지 않았나 싶네요  유익한 시간이였습니다 
이상한 나라의 수학자,의미가 무엇인지 의미를 보여준
이상한 나라의 수학자,영화 초반에 머글이 아니니까 라는 대사 선민사상 심어주는듯 해서 더러운 기분 뭔가 선생들도 다들 선민사상에 물들어 있음 실제로 자사고 같은곳은 저런 느낌인가 싶어서 불쾌했다
이상한 나라의 수학자,수학을 소재로 따뜻함과 영상미에 우리나라의    중 좋은   와 함께 하니 잔잔하지만 집중도 잘되네요
이상한 나라의 수학자,영화     지나고 봤는데도 몰입감 감동 인생관 가치관을 떠올리며 다시 뜨겁게 살고 싶다는 마음을 떠올리게 만드는 영화 감사히 잘 봤습니다 이상   대 아재의 감상평이었습니다
이상한 나라의 수학자,잼있었어요 근데 수학교사 비리는 보람이가 폭로했어야지 수학자가 폭로하는건 좀 이상한거같았어요  이학성은 지우 결백 밝히는 정도만 했어도 좋았을듯요  쨌든 잔잔하고 해피앤딩이라서 좋았어요  
이상한 나라의 수학자,중반까지 좋음 끝으로 가면서 신파로 아쉬움
이상한 나라의 수학자,잘 봤습니다  공부와 삶에 대한 태도를  배웠습니다 
이상한 나라의 수학자,영화 잘만들었다   이렇게 재밌는 영화가 개봉했었다는 사실 자체를 몰랐고   로 접한게 아쉬울정도     역시 믿고보는 최민식이라는 생각이 든다   
이상한 나라의 수학자,좋은 영화이네요  보시면 스스로  깨달을  
이상한 나라의 수학자,아이와 함께 보세요  
이상한 나라의 수학자,추천
이상한 나라의 수학자,은근 재미있었음 분단국이라는 현실이 안타깝고
이상한 나라의 수학자,최민식 배우님의 연기와 감동적인 내용에 마음이 울컥하네요  제 아이들에게도 보여주고싶은 의미와 메시지가  있는 영화입니다
이상한 나라의 수학자,우리나라에서 이런 류의 영화가 나오다니 참 놀랐습니다  시나리오  연기  연출 모든 면에서 좋았습니다  믿고보는 배우 최민식씨  항상 응원합니다 
이상한 나라의 수학자,수학 엄청 잘 풀어내는 천재 얘기겠지 했는데 인간미가 더 돋보이는 영화
이상한 나라의 수학자,잔잔한 감동은 있지만 뻔한 전개와 결말  
이상한 나라의 수학자,조금 지루하고   조금 답답하고 억지스러운  
이상한 나라의 수학자,감동도 있고  수학에 대해  다시 생각도 해 보게 되고  공부하고 연구하면 아름답다는 말     정말 동감간다   공부뿐만 아니라 무엇이든  최선을 다하게 되면 그 경지에  다 다르게 될  때가 오지    열심히  했던 그 무엇인가가 아름답게 느껴지는 순간     최민식의  연기는 정말  최고였고     탈북민의 아픔도 잠시 느껴볼 수 있었고     이런 류의 영화가 많이  만들어 지고  흥행했으면  좋겠다   깡패영회나 마약영화 보다는   
이상한 나라의 수학자,현재 대한민국 대입 입시와 자사고의 현황과 분단 상황을 절묘하게 잘 구성해서 만든 수작  강추 영화다  평점이 높은 이유가 다 있구나 
이상한 나라의 수학자,인생에 꼭 필요한 명언이 나오네요 
이상한 나라의 수학자,교훈과 감동이 있는 좋은 영화입니다  꼭 보시길   
이상한 나라의 수학자,재미와 감동 메세지 모두 휼륭합니다 
이상한 나라의 수학자,죽은 시인의 사회 에 견줄만한 영화여요  수학과 음악 남과 북  여자와 남자 부자와 빈자  기성세대와 신세대가 함께  호흡하며 살아가는 방법을 생각하게 하네요  크게 보면 풀리는 것들이지요  재밌게 봤어요
이상한 나라의 수학자,기 승까지 재미있고  전은 뻔하고 결은 유치하고
이상한 나라의 수학자,재밌게 봤어요 한지우 역할하는 배우 연기력이 아주 좋네요 과하지 않고 캐릭터를 잘 살리는듯  앞으로 눈여겨 볼게요
이상한 나라의 수학자,괜찮은  영화 현실성은 떨어지지만 저런 세상을 그려보고 싶네요
이상한 나라의 수학자,수학에 관한 흥미로운 영화
이상한 나라의 수학자,간만에 너무 좋은 영화본듯합니다   아무생각없이 보다가 넋을 넣고 봤네요  적극추천합니다 
이상한 나라의 수학자,마음이 움직인다면 좋은 영화입니다 
이상한 나라의 수학자,무사 만루에  번 타자 등장했는데 뜬공 병살로 아깝게  점 뽑은 것 같은 영화
이상한 나라의 수학자,뭔가 흡입력이 있는 영화네요  개연성이 조금 부족했지만  그럭저럭 괜찮았어요
이상한 나라의 수학자,조금만 더 잘 다듬었으면 수작이 될 수 있었던 아쉬움
이상한 나라의 수학자,수학을 소재로 하면서 민망할 정도로 소재에 대한 전문성이 없고 설정도 진부하고  전개도 진부하고  결말도 진부 유치하고 그냥 늘 그렇듯 어디 내놓기 민망한 전형적인 한국영화
이상한 나라의 수학자,가슴따뜻합니다
이상한 나라의 수학자,감동
이상한 나라의 수학자,앞부분은  점  뒷부분은  점
이상한 나라의 수학자,간만에 정말 재미있게 본 영화였다    수학이라는 이 세상을 설명하는 이치에 대해 너무 멋있고 매력적으로 그린 영화다    바흐의 음악도 좋았고 연기들도 깊이가 있었다    잔잔히 감동이 깊이 남은 영화다 
이상한 나라의 수학자,담임쌤이 문제였군  반전
이상한 나라의 수학자,나이가 드니깐 결말이 뻔해도 이런 잔잔하고 감동적인 영화가 좋아진다 
이상한 나라의 수학자,최민식 같은 배우를 두고 표절작을 만들다니    진짜 한국 영화 수준 잘 알겠다   여인의 향기 표절작입니다  여러분      진짜 구조가 너무 비슷해서 놀랬네요  생을 마감하려는 알파치노 대신 최민식   배신자가 되기 싫어 죄를 뒤집어 쓰는 학생 역할   아           진짜 한국 영화 수준 진짜 최악이다 
이상한 나라의 수학자,고 아들과 같이 봤네요  답을찾는과정    왠지 인생과 비슷한거같아요  최민식씨 연기는 정말 최고에요
이상한 나라의 수학자,진부하고 맥락이나 개연성이 약하다  설득력 없이 뻔한 사건들이 나열된다  맥아리 없고 억지스럽게 전개되다 장식처럼 멋져보이는 대사 몇개가 튀어나온다  평점    가 놀라워 처음 댓글을 단다 
이상한 나라의 수학자,우연히 티빙에서 보게 됏는데 역시 입소문에 대한 평은 틀리지 않은듯    대사 하나 하나 그냥 흘리는 것이 없이 몰입도 있게 잘 끌고 나간 영화였다  최민식 배우의 진가가 다시 한번 드러난 영화 아직 초들 학년인 자녀지만 자녀와 다시 한번 보고 싶다 
이상한 나라의 수학자,괜찮은 영화네요 잘 봤습니다 아들이랑 같이 한번 더 봐야 할것 같네요
이상한 나라의 수학자,잔잔한 스토리인데  나름 흥미포인트가 있습니다  다만 아쉬운건 마지막 대목이 개연성이 많이 약하게 느껴졌어요 
이상한 나라의 수학자,잔잔한 감동이 있는 영화 
이상한 나라의 수학자,입시위주 수학교육이 변해야   나라가 바르게 바뀔 듯
이상한 나라의 수학자,잘봤습니다 
이상한 나라의 수학자,포레스트를 찾아서   
이상한 나라의 수학자,딸에게 보라고 권유하고 싶은 영화입니다  수학을 깔고 감동을준 휴먼드라마 
이상한 나라의 수학자,최고입니다  감동
이상한 나라의 수학자,그정도 감동    
이상한 나라의 수학자,그냥 늘 그러한 감동 주는 영화   아주 좋지는 았지만  그냥 저냥 나쁘지 않고 괜찮은 영화   가족끼리 보면 좋겠네요 
이상한 나라의 수학자,감동적으로 봤습니다 왜그리 눈물이 나던지      
이상한 나라의 수학자,재밌네요 코로나만 아니면 더 크게 흥행에 성공했을텐데 아쉬운 영화네요
이상한 나라의 수학자,아름다운 수학  아름다운 영화 
이상한 나라의 수학자,잘만든영화네요 연기도 즣고요 줄거리도 좋고요
이상한 나라의 수학자,인생의 답
이상한 나라의 수학자,최민식배우는 역시 날 배신하지않았다 넥플릭스에   이상나라의 수학자  제목을 보면서  수포자로써는 감히 보고싶지도 않은 제목이였는데 날 감동 시켰다
이상한 나라의 수학자,진리와 정의  삶의 가치관을 생각하게 하는 명작    출연 배우들의 명품연기에 감동      
이상한 나라의 수학자,뻔한 스토리는 처음부터 예상했지만 각 스토리가 연계가 너무 엉성함   가볍게 보기 좋은 영화 나는 최민식 연기 보는 맛으로 끝까지는 보았음  주제의식을 전달하기 위해 짜집기한 느낌 
이상한 나라의 수학자,싱겁다면 싱겁고 재밌다면 재밌을 수 있는 영화  배우들의 연기력이 좋았다  과거의 동감대가 있어 기억을 떠올리며 재밌게 봤다 
이상한 나라의 수학자,마음이 따듯해지는 영화 
이상한 나라의 수학자,요즘 이런 따뜻한 스토리 보기 힘든데  기분이가 말랑해지는 참 잘 만들어진 선한 영화  가족 영화로 쵝오
이상한 나라의 수학자, 파인딩 포레스터 를 안 본 사람들이 많나보네요 문학을 수학으로 바꾼 거 빼고는  전체적인 구성과 플롯이 복붙이네요 범죄수준임 불우한 청소년  위대하지만 까칠하고 사연있는 멘토  억울한 누명 마지막 반전     똑같은 구성임  마지막 단상에 나오는 장면 마저 복붙인데 어떻게 이렇게 수준 낮게 베꼈을까요 
이상한 나라의 수학자,후반부가 많이 아쉬웠지만  괜찮았다 
이상한 나라의 수학자,좋아요
이상한 나라의 수학자,  부족함 결말이 아쉽다
이상한 나라의 수학자,초반에는 재미있었으나 후반으로 갈수록 설득력 없는 감상적 서사에 실망 
이상한 나라의 수학자,수학을 매우 좋아하시던 우리 아버지께서 한창 공부중이던 제게   여년전 제게 해주신 말들이 참 많이 나오네요     전 이 영화를 제 아이들에게 보여주렵니다 잘 봤습니다 
이상한 나라의 수학자,감동적인 영화네요    배우들 연기도 너무 좋았고
이상한 나라의 수학자,연기  내용  의미 다 좋은데 유치한 음악이 영화 전체를 신파극으로 몰아넣는 느낌  음악감독의 중요성을 깨닫게 해준 영화 
이상한 나라의 수학자,우리나라 수학 교육 수준에 일침을 가하고  순수학문의 중요성을 높이는 데 큰 공헌을 할 것 같은 영화  파이의 연주곡 너무 인상적이었다   현실로 돌아가고 싶지 않게 하는 영화   용기가 필요해 
이상한 나라의 수학자,수학에 대해 다시 생각해보게되는 멋진 영화네요 
이상한 나라의 수학자,정말 감동적인 영화  입시 위주의 현 사교육의 문제점도 교묘하게 비판하는 영화  안 본 사람 꼭 없어야 하는 영화 
이상한 나라의 수학자,많은걸  깨닫게 하는 영화입니다    
이상한 나라의 수학자,힉문을 대하는 자세의 진중함과 입시위주의 교육의 경박함을  자극적이지 않고 잔잔하게 이야기하고 있습니다   마지막에 신파적인 내용만 좀 덜어내면 더 좋았을것 같습니다
이상한 나라의 수학자,잔잔한 감동이 있습니다 
이상한 나라의 수학자,최민식  짱
이상한 나라의 수학자,   점 사이 점수를 주고픈 영화  최민식과 조연배우들의 연기가 좋았고   박병은과 김원해  파이로 피아노 합주하는 장면이 가장 기억에 남는다 
이상한 나라의 수학자,이런 교육을 합시다  수학이 좋아서 수학을 하는
이상한 나라의 수학자,감동은 강요가 아니라 느껴야 하는 것 
이상한 나라의 수학자,코로나만 아니었더라면 상당한 흥행을 했을듯 시대를 잘못탄 수작이네요  최민식배우님은 어떤역할도 다 소화하시네요 연기장인이십니다
이상한 나라의 수학자,처음 재미있던 영화가 중간에 변조가 된다 학교와 수학의 이야기에서 탈북과 이념의 이야기로  그리고 마지막을 잘 다듬었으면 했는데 너무 갭이 커서 공감을 갖지 못한다  욕심이 많았던 영화
이상한 나라의 수학자,지금 보고   죽은시인의사회가  여인의 향기인가  잘 편집 했네요
이상한 나라의 수학자,좋은 영화 만들어주셔서 감사드리그 역시 최민식 님은 최고입니다  김동휘  조윤서 님도 너무 예쁘고 최고의 배우가 되실거라 생각됩니다  
이상한 나라의 수학자,최민식 데려다 놓고 이런 영화를 찍었다는 게 아쉽다    감독의 학교에 대한 이미지가 과거에 머물러 있어  학교와 교사  학생에 대한 묘사가 거의 환타지 급이다    탈북한 세계적인 수학자가 학교 경비를 하고 있다는 설정은 설득력이 떨어지고 극의 전개 또한 엉망이다    최민식이 단상 위에 올라오는 장면에선 그냥 제대로 망할려고 하는 구나 싶었다    이 정도면 한국 영화를 좋아해온 관객들을 무시하는 수준이라고 여겨진다       로 본게 참 다행이다 
이상한 나라의 수학자,사람들의 댓글처럼 저도 아들에게 보여주고 싶은 좋은 영화네요 
이상한 나라의 수학자,답보다 과정이 중요하다고 맨날 딸아이한테 했었는데     영화대사에 나올줄이야   
이상한 나라의 수학자,아   나도 수학 문제 풀고 싶다  수학 시험도 보고 싶고  
이상한 나라의 수학자,가족과 같이 봤는데 정말 아름답고 따뜻하고 희망적인 영화였어요
이상한 나라의 수학자,수학을 좋아해서 집중할수있었는데 기대보단 좀 부족해지만 좋았어요 다만 한국과 북한 수학자들이 제일 대단한것처럼 나온것이 좀 부끄럽긴 했습니다 그래도 깃뇍의도는 너무 좋았고 감동도 있어요
이상한 나라의 수학자,따숩고 잼나게 봤어요
이상한 나라의 수학자,막판 단상에서 밝히는건 생뚱맞고 작위적인 느낌   다른 방법도 많은데 끝마무리가 아쉽다 
이상한 나라의 수학자,근래에 본 양화 중 최고입니다 
이상한 나라의 수학자,주인공 인성이 글러먹음  반애들에게 괴롭힘 당하는 찐따인데 밖에나가서 술사오다 걸려서 끝까지 혼자한거라고 괴롭힌애들 감싸주지만  그거 혼자 뒤집어쓰는거 뭐라는 여학생 에게는 큰소리침   밖에나갔다 걸린거 보고한 경비 아저씨에게는 니가 보고해서 지가 기숙사 쫒겨난거라고 적반하장에 인민군이라고 멸칭으로 본인앞에서 부름  그러다가 그 경비가 수학에 재능있는거 알고 친한척 하는거 보거 역겨워서 끔 전형적인 강자에는 꼬리말고 약한사람에게는 강한 소인배라 괴롬힘 당하는게 전혀 불쌍하지도 않음   
이상한 나라의 수학자,현시대를 잘반영한듯  캐릭터도 살아잇고
이상한 나라의 수학자,잔잔하면서  감동을  주는 영화 오래만에  보았네요     
이상한 나라의 수학자,오랫만에 최민식배우님연기봐서 좋았어요  몰입감두 좋구 가슴뭉쿨하네요  
이상한 나라의 수학자,북한은 빼고 영화를 만들자 
이상한 나라의 수학자,    
이상한 나라의 수학자,착한영화이긴 한데   
이상한 나라의 수학자,요즘 영화 같지 않은  전체적으로 촌스러운    그냥 행복은 성적순이 아니잖아요  시절에  머물러있는 영화  
이상한 나라의 수학자,너무  재미있네요   넷플릭스에서  또 봤습니다   
이상한 나라의 수학자,최민식 출연으로  점 드립니다 초반에 흥미있다가 갈수록 신파극으로
이상한 나라의 수학자,역시 최민식배우님  최고입니다 
이상한 나라의 수학자,참신함은 부족하지만 전체적으로 따뜻하고 감동적인 영화였습니다 
이상한 나라의 수학자,마지막에 영화적이고  작위적인 단상 장면만 빼고 좋음
이상한 나라의 수학자,내용이 너무 좋아여
이상한 나라의 수학자,매우 흥미로운 줄거리 전개였으나 마지막 스토리 전개가 아쉬웠다  굳이 그렇게 끝내지 않으면서 더 감동적으로 보여줄수 있었을텐데    고작 누명 벗겨주는 의리있는    다시 찍어보세요  그 부분만
이상한 나라의 수학자,순한맛 영화 초등학생 관람해도 괜찮습니다
이상한 나라의 수학자,숀코네리 나오는 파인딩 포레스터와 너무 비슷한 구도
이상한 나라의 수학자,오랫만에 재미있는 영화를 봤습니다  고맙네요    
이상한 나라의 수학자,와 개끝네주네요 피터지고 액션이나 판타지 영화를 좋아하는 저를 몰입하게 믄든 최민식 형님 마지막 연설할때 눈물 타졌네요 최민식이 다함 나머진 후    올해 최고  점 드림
이상한 나라의 수학자,뻔하디 뻔한 클리셰의 영화  그 뻔함을 잘 풀어낸 평범한 수작 
이상한 나라의 수학자,마음이 너무너무 따뜻해지는 영화   다른 어떤 말이 필요없는 정말 좋은영화   명작을 만나 행복했습니다 
이상한 나라의 수학자, 
이상한 나라의 수학자,이 영화가 평점이 이렇게 높다니  내가 최근에 본 영화 중 최악인데       재미 없고 지루함    스토리에 개연성이 앖음    다른 영화 짬뽕  굿 윌 헌팅  여인의 향기  죽은 시인의 사회  뷰티풀 마인드 
이상한 나라의 수학자,배우 좋고  음악 좋고  스토리 좋고  영상도 좋네  영화가 이만하면 됐지  
뜨거운 피,정우  
뜨거운 피,깡패영화 인거 알고 보고 까는건 뭥니 
뜨거운 피,디테일한 인물들의 과거를 알아야 재밌는 영화인데 감독의 역량부족입니다 연출을 기가 막히게 하던가 아니면 과감히 아예 큰줄기 이야기만 끌고 가던가  모든걸 담으려한 과욕이 부른 아쉬움  넷플릭스  부작 드라마였으면 괜찮았을 듯
뜨거운 피,              에휴    
뜨거운 피,감독판으로 봐야 재밌음
뜨거운 피,개연성    연출력이 문제
뜨거운 피,쓰레기  인생들   
뜨거운 피,소설만큼은 아니지만 나름 열심히 만든 재밌는 영화
뜨거운 피,조폭 영화치곤 영화 강릉 김길석만큼 포스가 나는 캐릭터가 하나 없네  
뜨거운 피,무언가 있을듯 하며 없는 스토리로 배우들의 연기력만 볼만한  
뜨거운 피,간만에  재밌게본 느와르입니다 아들역 연기좋구요 다들 연기좋고 생각보다 클리셰도 적어서 재미있습니다
뜨거운 피,그냥 심플하게 갔어야 되는데  점점 산으로 가고 있다 영화로 표현하기에는 너무   
뜨거운 피,소설 그대로 만들었으면 정말 재미있었을텐데   하다못해 감독판을 개봉했으면 이거보단 나았지   
뜨거운 피,주인공이    같은 영화
뜨거운 피,정우는 연기와 눈빛은 항상 슬픈것 같아요  영화에서  많이 보고 싶어요    정우님  많이 연기 해주세요 
뜨거운 피,재미보다는  별로  그러게  집중도로안봤음  그냥그래서
뜨거운 피,생계형 건달들 끼리 나름 심각하다 소박하고 지루한 일상처럼 보이는곳에 심각하고 진지한 일들이 있다   정우의 내면 연기 머그런거 없음    알짜배우들이 많이 나오는데  그냥 감독 부탁으로 카메오로 나오는것 같다  건질거라고는 용강 과 아미   
뜨거운 피,재미없다 조폭영화는 어설프면 너무 시시하고 짛 루하다  임펙트없는 조폭 영화 쓸데없이 모두 다 죽이고 죽는 결론도 그닥 이해안가는  영화
뜨거운 피,식상한 건달영화   근데재미도읎어  시간아깝다
뜨거운 피,마  이기 영화가  시방 머더는거여 
뜨거운 피,개인적으로 조폭 영화를 싫어한다  특히 미화되고 우정으로 포장된 폭력 영화는 경멸한다  조직들이 세를 키워 사업을 하고 기업이 되고 그들이 매니지먼트를 하고 엔터사로 이어지는 스토리  현실이 그렇다보니 우리나라엔 오래전부터  조폭 영화가 하나의 장르가 되어 버렸다   그래서 기준이 애매모호한 작품들이 많다  코미디로 포장된 조직은 대흥행을 하고  친구로 시작된 한국판 느와르는 욕을 먹는다  바람과 신세계는 되도 강릉과 얼굴없는 보스는 안된다  이건 단순히 완성도와 재미의 차이가 아닐까 싶다  이 작품은 딱 그 중간쯤 어딘가에 위치했기에 잘 만들어도 비평의 대상이 되는 것이 아닌가 싶다  정우와 지승현  그리고 멋진 배우들로 만들 작품이 폭력 작품 밖에 없는게 더 아쉬울 뿐이다 
뜨거운 피,영화는 감독이 관객에게 들려주는 이야기라생각한다 당췌 감독이 뭔생각이고 뭔얘기를 하고싶은건지  모르겠다 편집을 하면서도 지도 몰랐을꺼란 생각이다
뜨거운 피,재밌다  뭔가 여운이 남는다 정우 연기 이렇게 잘했나 
뜨거운 피,폄훼될 작품 아니다  특히 김언수 작가의 원작  
뜨거운 피,내용 둘째 치고 정우 연기 잘해서 평점 올리기
뜨거운 피,경상도의 깡패  소재선택 후 아무것도 없다 
뜨거운 피,난 오직 재미로만 평가한다 
뜨거운 피,감독판 봤는데 왜 망했는지 모르겠다  존    잘 만들었는데    극장판이 얼마나 편집이 되었길래 이리도 다르다는 건지    그리고 리플 보면 자꾸 대사 안 들린다는데    난 왜 잘 들리냐  연기도 좋고 사투리도 찰 지게 잘 치는 구만  내가 봤을 땐 사람이 많이 죽어나가서 영화는 감상할 생각도 안 하고 평점만 오지게 깍아 내리는 거 같다  영화를 봐라 니네 고상한 개취 때문에 평점 깍지 말구 
뜨거운 피,신세계처럼 허황되게 번쩍거리지 않아서 좋다  박철수의 학생부군신위처럼 철저하게 리얼하진 않지만 이렇게 거칠게 날것을 묘사하는게 좋다  발음이 잘 안 들려도 좀 더 보니 이해되고   무식한 쌩양아치들 세상이어도 이 정도 계락도 없다면 영화로 못 만드는 거고    그 시대에   범죄와의 전쟁도 과장되었고  비열한 거리도 너무 고상하고  곽경택의 친구도 소설같고   희수와 양도이와 용가이   철찌 가 옛날 길가다가   아니면 국민학교  동기를 만나 술마시다 들었던 딱 그런 아치들이다 리얼하고 거칠어서 좋고  뜨거운 피가 살아 남아 좋다   언제였던가 뜨거웠지만 식어버린 피도 죽었고 뜨거워지지 않았던 피도 제거되었지   몇 년 뒤 환갑이 오기에 미리 늙은이 티를 내었더니 다시 뜨거운 삶을 살아야겠다
뜨거운 피,  점은 아니나  점 받을 작품도 아니라 생각합니다   그 시대 그 분위기 잘 만들고 연기한  나쁘지 않은 영화라 생각합니다  제 생각에는 나쁘지 않은 영화입니다 
뜨거운 피,의외로 평점이 박하네 난 재밌게 봄   시간 지루하지 않았음 단  영감님 어색한 사투리는 옥의 티
뜨거운 피,살아남아도 허무한 삶
뜨거운 피,부산건달 영화는 이제 좀 쉬자  
뜨거운 피,방금  분 봈다 쓰레기 차라리 강릉 낮다
뜨거운 피,조폭 영화 자체가 없어지길 바라는데  온 가족이 볼만한 영화라고 판단 했는지 공영방송에서 추석 특집으로 해주고 자빠졌네 뜨거운게 아니라 더러운 피가 끓어 넘치겠다
뜨거운 피,오랜만에 괜찮은 느와르 영화를 본  거 같아요  배우들 연기도 훌륭했음 
뜨거운 피,배우들의 연기는 좋네요 그래도 킬링타임용으로는 볼만한듯
뜨거운 피,정우를 새삼 돌아보게 만든 영화
뜨거운 피, 
뜨거운 피,좋은데  감성팔이 뺀 하드보일드라 까칠까칠함 올해 하품 안하고 본 유일한 한국영화
뜨거운 피,와  오랜만에  진정한  영화봤습니다 왜이런  탄탄한 구성으로만든영화가  극장에서 빨리 사라졌는지가 의문입니다
뜨거운 피,편집만 잘 했어도   
뜨거운 피,진부하다  
뜨거운 피,재밌다    
뜨거운 피,재미 있습니다  별점테러는 왜지 
뜨거운 피,감독판으로 봤는데 친구 이후로 몰입해서 볼 수 있었던 오랜만에 보는 걸출한 수작이다 
뜨거운 피,간만에 재미난 영화 봤습니다  감사합니다 
뜨거운 피,부족한 부분도 있지만  재밌게 잘 봤습니다 
뜨거운 피,뭔말인지  거지같은 사투리를 알아들을 수가 없네
뜨거운 피,나름 볼만함   마지막 반전도 괜찮고   근데   극장가서 볼 영화는 아님 
뜨거운 피,재밌구만     넘들이 뭐가 재미없냐
뜨거운 피,이 영화는 반드시  감독판 을 봐야한다  꽤 괜찮은 느와르물이고 재평가 받아 마땅하다 평점이 만점을 주기에는 부족할지 모른다만  전체 평점을 올리는데 기여하고자 다섯개 남깁니다 
뜨거운 피,뭐지    강릉 이나  낙원의 밤  이런거 보다 훨 나은데 평점이 왜 이래 
뜨거운 피,시간은 잘 감 걍 흔한 조폭 영화 임
뜨거운 피,엄청 좋았는데 평이 엄청 안좋네     분 재개봉작을 봐야함  원작이 웡캉 워낙 부산 사투리  좋아  물론 천명관 감독 연출도 나름 수준급   친구  이후 오랜만에 등장한 잘만든 한국형 조폭 느와르  원작가 김언수가 고딩 후배였다  흑흑  그래서 더 정감 간다  고향 영도는 늘 악역이다만은  다 보고난 감흥이 너무 좋아 작가를 검색해본  한국 작가들  신춘 문예가 망쳤다는 이야기도 알게되었고  내면 세계만 그려대는 한국형 소설  나도 그런 생각을 많이 했다  다만 그는 직접 글로써 훌륭하게 극복해보였고  형은 아직도 상상 몽상만 하는  원작자의 스토리텔러로써 자질이 웡캉 좋아  영화로까지 잘 전이된 케이스  정우 연기야 두말하면 잔소리 호연  그리고 수많은 캐릭터들  배신 암투 스릴러 요소 다 좋아보이는 
뜨거운 피,   
뜨거운 피,보고 싶었던 작품인데 하도 여기서 개연성 악플이 많아서 버티다가 디오리지널로    관람함 결론은 한시즌짜리라도 현재 배우들 그대로 드라마로 만들면 느와르 드라마 수작이 될 작품임 이런 건달 에픽일대기를  시간에 욱여넣느라 디오리지널 기준으로도 좀 터져나온 부분이 있긴함 그러나 모두 감안해도 배우들 연기는      이후로 최고라고 생각되고 분명 잘 만든 느와르인건 분명함 확실한건 강릉 따위랑 비교불가이고 개인적으로  점 주고 싶은데 테러충들 보기싫어서 만점 줌   
뜨거운 피,생략이 심해서 스토리가 이어지지 않는다 게다가 윤제문이라니 미친  그나마 살인의 눈빛으로 돌변하는 정우의  연기는 좋았다 뻘밭의 하나의 진주같은 존재 하지만 조폭 영화는 그만 찍었으면
뜨거운 피,완전 재밌는데 평점이 호불호가 극명하게 갈리네
뜨거운 피,숙면영화   불면증 한방해결됨
뜨거운 피,재밋구만   질 할들이네
뜨거운 피,잘 만들었구만    들이야 
뜨거운 피,실망
뜨거운 피,초반 스토리와 연출이 너무 심각하다  반도 못보고 꺼버렷다 
뜨거운 피,집에서  결제하고 보는데  아니  사투리땜에 대사 전달이 안되니까 몰입도도 떨어지고 재미가 없어요  드라마에서 부산사투리는 이정도는 아니라 대충알아들었는데    뭔말인지 말도 빠르고 모르겠어요
뜨거운 피,저는 재밌게 봤는데
뜨거운 피,    년     년말인가  노태우가 범죄와전쟁 선포할때 그때요따구로 치한이허술햇엇나   영화중반까지 경찰전개부분할때까지만나오고 전혀않나왓다 극중인물 희수 가경찰 정보원 인줄알앗음 조직뒷처리에 키우는애들 돌보고 박회장인가 그꼰대따까리노릇에 지금까지본 정우 주연영화 중제일역할이많네 하찬고 찌질한일들을 과대하게 포장하다싶게 만든각본이 별로임 원작그대로 영화한건아닌거같음 뭐 연기는괜찬고만 범죄영화 액션만보는 초딩 얘들평점 보다생각난게있어글올렷다
뜨거운 피,어찌  나이트에서 오디오정글이라는 라이센스   워터마크가있는곡이 나오는지 원   
뜨거운 피,개인적으로는 재밋게 봤습니다 
뜨거운 피,스토리가 너무 산만 그리고 정우 눈물 핑도는  연기 너무 남발 장면이랑 안맞던데 왜그러지
뜨거운 피,조폭 영화  잘 봤습니다 
뜨거운 피,잡동사니  르와르  깔끔하지가않다 많은걸 보여주려고하니  관객으로써는 지루하기 짝이없고  재미가 없다
뜨거운 피,디 오리지널 넘 재밌게 봄  
뜨거운 피,나름 볼만했는데  진짜 대사 전달력은 꽝  뭔 말인지 정확히 들리지가 않음   한국인 영화인데 자막이 필요한 경우
뜨거운 피,수면제 대용 화면   끝
뜨거운 피,아니 솔직히 조폭 다룬 영화는 이 정도 기대헀던 것 아닌가  뭔 놈의 기준들이 이리 높은지 
뜨거운 피,많이 봐 오던 그런 조폭 영화 궁금한것은 왜 죽이지 않고 살려둬서 나중에 사건을 만드는지 모르겠네 자신을 죽이려 했는데 당연히 복수하려 하지않을까 
뜨거운 피,고마 만들어라 마니 무따 아이가   
뜨거운 피,이도저도  아니게  찍었네요  내용도  연출도  액션도  형편없네요  사투리   못하면  그냥  표준말쓰자
뜨거운 피,정우 겁네멋있다  
뜨거운 피,댓글쓴사람들 영화 전부다 보긴봤나  의외로 재미없다고 하길래 기대안하고 봐서 그러나     난 나름 갠춘   
뜨거운 피,그놈의 후까시
뜨거운 피,완성 덜 된 작품 내놓고 확장판이라면서 두 번 개봉하는 짓 좀 하지마라
뜨거운 피,스프없는 라면 먹은 기분    그리고 전체적인 내용이스무스하지가 않고 단락씩으로 끊어지는 느낌이고   배우들의 연기또한 오바스럽고 느끼하게 느껴지는것이    많이 아쉽습니다   뭐   피칠갑에 칼과 몽둥이가 난무한것만이 느와르는 아니지만  이게   우유부단한  인자의 보스되기 일일일기 같은 느낌임        주연배우 정우의 연기는 나쁘지 않네요  
뜨거운 피,평점땜시 글쓰기좀글치만 나는 그런대로 재밌게봤네그려
뜨거운 피,한국에서 높은 평가를 받는 느와르 장르의 영화들 역시 클리셰를 상당 부분 차용하고 있으며 클리셰 자체는 영화를 평가하는 것에 있어 부정적 요소가 될 수 없다  영화의 배경은 과거지만  우정이니 의리니 하는 남자들의 진득한 감정을 과도하게 내세우는 유형에서도 어느정도 벗어나 있어 낡지 않게 느껴졌다  생략된 부분이 많아 이해가 어려운 부분들이 있고 이야기 자체가 밋밋한 것도 사실이다  사투리 대사를 알아듣기 어려운 것 역시 영화의 단점이다  하지만 매너리즘에 빠져 인생을 소모하던 중년의 남자가 손에 피를 묻혀야만 더 높은 곳으로 향할 수 있는 삶을 받아들이고 그 과정에서 피가 한 방울도 섞이지 않은 혈기왕성한 청년을 자식으로 받아들인다는 서사는 퍽 매력적이었고  지나친 감상주의로만 빠지지 않은 연출도 좋았다 
뜨거운 피,연출과 편집의 실패
뜨거운 피,조금 아쉬운 영화    느와르 영화이나 실상은 시골깡패의 순정이라는 다큐멘터리같은 전개    좋은 배우들을 섭외했지만 밋밋한 캐릭터성들 마약쟁이가 제일 임팩트가 컸음      첫장면 필요성의 부재   이런 상황까지 오게 된 내용  한마디로 전개에 대한 궁금증을 유발하기 위함이었지만 큰 영향이 없고  오히려 클라이맥스에 다달았을때 이게 끝  같은 실망감을 안겨줌  그리고 눈치빠른 사람들은 앞으로 대강 어떤 전개가 이어지겠다는걸 느끼게됨  반전이없음     느와르물다운 대규모 전쟁의 부재    년도에 나온 신세계와 같은 짧고 강한 임팩트를 남기는 무언가가 없음  그저 깡패이야기에 치열한 두뇌 싸움이라는 내용을 첨가하려한것같으니 두 수앞밖에 못 내다보는 바둑을 보는것처럼 밋밋한 느낌 
뜨거운 피,집에서 나름 보기좋음  정우 연기 잘함
뜨거운 피,탄탄한  스토리 가  몰입도  높게  전개  되는군
뜨거운 피,희한하게 정우 영화는 임팩트는 없어도 재미는 있어  희한하네 
뜨거운 피,정우는 언지봐도 좋은배우다  영화도 중분히 괜찮다 
뜨거운 피,걍  영화로서 볼만한데  먼 영화에 그리들 의미부여를 하시는지들    오락영화로서 나쁘지않게 볼만합니다
뜨거운 피,개연성 없는 쌍팔년도 건달 영화  
뜨거운 피,정우를 비롯한 연기자들이 살린 영화이다 정우는 역시 연기를 잘한다
뜨거운 피,마지막에 희수가 했던 말이 가장 인상이 깊네요 세상은 멋있자가 이기는 것이 아니라    놈이 이긴다고 오늘 윤석열의 취임식을 보면서 이 말이 정말 맞구나 생각되네요 그가 문재인을 배신할때 정치검찰 할때 조국을 수사할때 나라에 엄청난 파동을 몰고올때 아무도 그의 정확한 의도를 몰랐다
뜨거운 피,솔직히 대작이라고 할 순 없지만  그래도 꽤 괜찮은 느와르였습니다 
뜨거운 피,강릉보단 나은듯  
뜨거운 피,후까시 잡고 싶은 애가 대부 흉내낼 때 생기는 비극
뜨거운 피,나름 영화 세심히 잘 만들었구만  영화의 영자도 모르는 사람들이 평점 테러를 해버렸네      감독과 배우진한테 한가지 충고하자면 부산 배경으로 만들었으면 사투리좀 제대로 하자  몇몇은 바로쓰고 대부분 어거지네      
뜨거운 피,수많은 살인과 배신에 대한 명확한 설명이 없는 점이 아쉽다   첫 장면이자 클라이막스 장면인 총질 사건 중에 태연하게 앉아서 기다리는 배짱은 깡패의 객기인가  썰고 쏘고 야만적 살육의 반복이 마치 미드 바이킹을 보는 듯 하다 
뜨거운 피,대사가 안들린다  그것도 너무 많이      대사가 안들려서 개연성이 떨어지는 것인지  극 스토리 자체가 개연성을 찾을 수 없는 것인지    내용 파악을 위해서  차 관람이 필수인 영화  댓글 보니 소설에 비해서 너무 함축해서 그런 것 같은데    하여튼 쉽지 않다  극중 나오는 아들 나미  너무 소모적으로 사용한 느낌
뜨거운 피,전개가  너무 빠릅니다  그러니 개연성이    
뜨거운 피,스토리가 없는 영화  끝 
뜨거운 피,에효   이 따위 거 왜 만드니  알비 시켜주고 일자리 창출해주려고 만드니 
뜨거운 피,간만에 조폭다운 조폭영화 우정이고 지 룰이고간에 우벙은 염 병 없는 고증 제대로 됐네요  점준 애들은 이해 불가  점 드림
뜨거운 피,재밌게 잘 봤어요 
뜨거운 피,우리 짱구는 칼같은거 만지면 형이 낸내한다   
뜨거운 피,여느 경상도 사투리  영화랑은 다르게 자막없이는 보기 힘드네요 
뜨거운 피,영화 갠찮은데 평점이 엉망이네 신세계나 나쁜넘들 전성시대 보단 낫다
뜨거운 피,우선 전혀 안싸워도 될 상황 혹은 한번식 양보하거나 이해해도 서로 살아가는데 전혀 지장없는  상황을   억지로  싸우게 만듬    지루하진 않는데  그냥 어거지로 싸움을 붙히는  영화
뜨거운 피,간만에 시간 버렷네    근데 왜  점은 없음 
뜨거운 피,영화 친구 찍었네요
뜨거운 피,망작
뜨거운 피,배우 연기랑 스토리 전개랑 너무나 언 발란스다 스토리의 전개의 디테일이 너무 부족해서 명품 연기들이 너무 안 어울린다    이런 출연진을 모아 놓고 아    
뜨거운 피,괜찮던데 진짜 비열해 보였으니   
뜨거운 피,그래도 나름 재미있게 봤다
뜨거운 피, 프로 아쉽다        
뜨거운 피,  
뜨거운 피,재밌게봄   건달은 배신이다
뜨거운 피,씁쓸함   
뜨거운 피,상남자같은 영화
뜨거운 피,배때지 쑤시고  목아지 따는  영화가   세  그리고 부산 사투리  양아치 영화 지겹다        
뜨거운 피,양복 입고 폼잡는 비현실적 조폭 느와르 영화가 아니여서 좋았다 심리갈등을 잘 보여주어 정우의 연기가 돋보이는 영화였다 다소 떨어지는 긴장감으로 몰입에 방해는 됐지만 좋은 서사를  가지고 있는 영화여서  나름 재밋게 봄  
뜨거운 피,아미가 영화 살렸다 시간때우기용인데 조금 아쉽 지루한것도 많음 제작비가 싸게 든 영화
뜨거운 피,조폭 건달 영화는 대박이거나 쪽박    근데 최근 이런류의 영화는 거의 다 쪽박이 많은듯   신세계급 영화는 이제 기대하면 안될라나    정우 좋아하는 배우지만 그냥 드라마에만 나오는걸로      
뜨거운 피,댓글이 아깝다
뜨거운 피,연기는 나쁘지 않은데    뭐가 많이 생략된 느낌 
뜨거운 피,아 진짜
뜨거운 피,영화는 표준어로 찍자  이게 모니 
뜨거운 피,간혹 사투리와 대사가 물려서 배우들이 뭔 말 하는지 모르겠는 장면이 있음
뜨거운 피,누가 누군지  발음도 다 사투리    정우 이 배우도    왜 주인공     갑지가 처음보는 사람이랑 나중에 연합         뭔 개막장 영화냐  
뜨거운 피,평점 조절용   점 준 놈들은 눈이 정수리에 붙었냐 
뜨거운 피,자막 좀 넣어라 무슨  말인지 못 알아 먹음
뜨거운 피,정우는 멋지지만   에휴 복수가 복수를 낳는 뻔한
뜨거운 피,나름 생각하게하려고하는  영상같다    연기자들 연기는 나무랄데 없는데 호불호가 클거같다   왜 정우가 껍질을 못깨고 정체되어있는지 알게하는 영화 한계가 다분히 보이는 영화   참 아쉽다   
뜨거운 피,김갑수의 어색한 사투리와 되도않는 깡패연기 정우는 또 왜 공감 도 않도는 중 병 나래이션에 감정연기   주요인물 하나부터 열까지 연기가 왜이럼   구성부터 연출  잡스러움 그자체 촌바닥 신세계 느낌좀 가져보려다 그냥 촌의 바닥만 훑은 영화도 아닌 영화 내시간 내돈  돌려놔
뜨거운 피,엄청재미있구만   
뜨거운 피, 
뜨거운 피,우리나라 감독  제작자들은 조폭없으면 영화 아니면 못만드는 병이 걸린거냐 뭐냐   홍콩 느와르랑 친구 영화가 언제껀데 아직도 이러고 자빠짐 
뜨거운 피,우리나라 영화인게 분명한데 뭔 말인지 알아듣질 못함    지들만 심각함     드럽게 무게잡고 멋지고 의리있고 인간적인 모습으로 포장 하지마라   깡패는 깡패일뿐이다   이 감독 영화도 내 개인의 블랙리스트에 포함한다  
뜨거운 피,명대사 포장마차에서 지승현이 정우한테 늙었노 하는게 웃긴다   바람 이후 만남    
뜨거운 피,너무 심각하게 영화를 보지마  그낭보면 재밋어
뜨거운 피,나는 재미있게 봤음  
뜨거운 피,근래에 본 한국 느와르 영화중에 긴장감 있고 분위기 있고 캐스팅 최고 입니다  멍청한 기사및 악의적인 댓글 같은데 참 그렇네요  정우 김갑수 앞으로도 이런영화 기대 합니다
뜨거운 피,정우 최무성 배우님 하드캐리하느라 고생이 많으십니다 두분민큼은 별다섯개인데 나머지가 다 마이너스네요 
뜨거운 피,내가 경북 출신 대구 사람이지만 부산 사투리 영화는 자막 없이는 못보겠다 
뜨거운 피,지금  머한거야
뜨거운 피,평점이     이라 볼려고 했는데  댓글 안봤으면 낚일뻔 했네요    
뜨거운 피,걍 킬링타임용으론  볼만했음    오랜만에 깡패영화나와서 괜찮았음    부족하지만 완전 최악은 아니였음  
뜨거운 피,기대 이상  저 밑바닥 보다 더 아래 인간들의   배우들 연기도 좋았음 
뜨거운 피,나만 이해안되는줄    영화본후 리뷰를 다시보고나서야 이해가 되었다  그래도 나름 시간가는줄 모르고 봤음
뜨거운 피,괸찮은 배우들과  시나리오를  이리 맥아리 없게 만드나  피늘 뜨겁게하는 한방이 없다 
뜨거운 피,시간때우기 괜찮음  영화 친구보다는 재밌게봤음  친구는 스토리도 단순하고 그냥 부산사투리로 후까시잡는거 말고는 아무것도 없었는데 그것보단 나음
뜨거운 피,기대안하고봐서 그런가 잼있네
뜨거운 피,생략
뜨거운 피, 
뜨거운 피,잘봤습니다 
뜨거운 피,할 말이 없다    스토리도 늙었고 연출도 늙었고 촬영도 늙었고 개연성 없고  사투리 때문에 뭔소리인지    
문폴,영화 채널 관계자들아 인간적으로 이 영화는 틀지 마라     년  월   일 새벽 열 받아서 쓴다 첫 장면에 중꿔 제작사 뜨고 중국 배우 나오고 한자 문신나오고 중국이 달착륙선을 빌려 주고 어쩌고 까지 참았다 우주왕복선 엔진 고치는데 무슨 자동차 정비소 엔진 내리듯 하는 장면 나오길래    끄고 잔다
문폴,           처음봄
문폴,아무 말 대잔치를 영화로 보다니
문폴,허접
문폴,재난영화의 귀재이던 롤랜드에머리히는 이제 할만큼 다 했다
문폴,헛소리
문폴,아들은 잼있어 하네요 저는 그냥           
문폴,아   보는내내 손발이    괜히 봤음   
문폴,뭐지 심형래감독이 만들어도 이정도 특수효과 보다 낫겠다   미니어쳐 장난감 깔아놓고 물흘리는 홍수장면 이거 헐리우드영화맞나 쓰레기
문폴,아     정말 개돗같은 똥같은 영화다    내용이 너무 개똥이라  이걸 영화관에서 봤다면   그사람을 진짜 위로하고 싶다        아무런 설명도   필요없고 당신의 시간을 아껴주겠다    보 지 마 세 요  
문폴,소재가 잼있어 보여 클릭했으나    이거 뭐니 지금     보는중에 넘 잼없고 졸리네 짱깨머니 많이 바른티가 줄줄 나는 쓰레기 영화
문폴,좋은 배우들 데려다 쓰레기 영화를   
문폴,공상에도 정도가 있어야했는데  
문폴,근데 평점이그리낮을까  난 재미있게 봤는데
문폴,할리 베리가 이런 개 류 쓰레기 영화에 출연한게 미스테리 누가봐도 중국자본 영화 시나리오 작가는 중국 무협지  던사람온게 분명함 순도    퍼센트 쎄뻑으로 지구를 구하는 신박한 영화
문폴,재난영화나 우주탐사 영화 좋아하는 사람에게는 볼만함
문폴,완전 그렇게 욕먹을 영화는 아닌데 평점 난리도 아니네요  중국 자본 들어간 티는 많이 남  재난영화인줄 알았는데    물이었음  그냥 재난 영화였으면 더 나을 뻔했음   스토리가 좀 많이 황당하긴 함   
문폴,짱 깨묻음
문폴,영화 시작   분부터 마음 졸였다      달이 반으로 열리고      거기서 건담이 나오지 않은게    얼마나 다행인지     그것도 마데인 치나 짝퉁 건담이      아마도 중국 자본으로 만든 영화같은데     내 결론은     코로나를 퍼트린 쭝국에 날리는     롤란드 아제의 고급 엿    
문폴,너무 중국스럽다 
문폴,걍 볼만하구만 악평 땜에 놓칠뻔    
문폴,     
문폴,쓰레기 짱깨 자본의 영화     그래도 재밌게 봤다 
문폴,연기들은 좋았는데     그저 웃음만 나오넹   
문폴,중국자본이 들어가면 어쩔 수 없나보네요  
문폴,개인적으로 공조   보다는 재밌네     개연성과 영화 내의 물리법칙은 말이 안되지만 그래픽은 괜찮 
문폴,그래도 끝까지 참고 봤네
문폴,할리베리실망베리  
문폴,다른 이유로  영화보는 중간에 평점을 찾아봤는데   평균이 왜  점인줄 알았어요        개연성이          반토막도 안되는듯   새해부터 타임킬링을 했네요  그래픽 잘봤음      점은 배우와 그래픽에 줍니다    
문폴,스토리는 황당하지만 특수효과는 볼만했다  영화는 영화로 즐기면 됨
문폴,이런영화 을 보고있는 내가 더 우습다 달이 떠러진다는설정에 걸맞을려면 좀 잘만들든지   개그도 아니고 이해도 안가는 초딩영화
문폴,요새 중국자본 들어간 헐리우드 영화의 공통점 계약상 중국 배우는 반드시  인 이상 츨연시킬것 스토리에 은연중 중국의 위대함을 끼워넣을 것 방법은 기술적으로 미국이 도움을 받는다거나 중국어나 중국문화 등의 요소를 중간중간 노출
문폴,엔더버를 샾에서 가져오고 바로 쏘는  경이로움  차라리 영화     가 걸작이다   비슷한 주제로 제대로 말아먹은  에머리히도 다 됐네 
문폴,돈주고 본사람들 돈 아깝겠네  급도 안됨
문폴, 점도 아깝다  영화라는 이름을 붙이면 안될듯 하다 
문폴,  시간 낭비하지 마시라고 스포합니다    달 내부에 외계생명체가 만든 거대구조물이 있는데 착한 외계존재랑 나쁜 외계생명체랑 싸우느라 달 궤도 바뀌어서 지구멸망 직전까지 가는데 지구인이 달 내부로 들어가 착한 외계존재랑 교감해서 나쁜 외계생명체 폭파시키고 이 과정에   박사는 아마게돈 브루스윌리스처럼 폭탄과 함께 죽고 달궤도 정상화되고 나머진 다 살어서 해피엔딩  비중 별로 없는 톰도 죽음   참고로 인류의 조상은 이 외계존재라는 설정임    중국인 여자는 딱히 역할도 없고 비중도 없는데 굳이 나와서 영화 진행과 아무 관계도 없는 중국말 솰라솰라하는 씬이 있음 심지어 흑인 꼬마에도 중국말 함   나사가 중국도움으로 지구를 구하는 내용임      여러분의 시간은 소중하니까요    
문폴,중국 자본들어간 영화들은 죄다 왜 이모양이냐   본시간이 아까워 결말까지 봤는데 답답하고   도 엉망에 억지 감동까지 주려는 총체적으로 망조든 영화임
문폴,괜찮은 배우들을 데려다 삼류를 만들어 버림   스토리 개판  재난에  진화론에  외계인에  짬뽕도 너무 많이 섞으면 맛이 없는것처럼 내용을 너무 많이 섞어 개판을 만들어놨음 
문폴,중국자본만 들어가면 중국축구수준의 영화가 된다
문폴,아무정보 없이 재미있게 본 인입니다만    보고 나서 평점보니 다른분들 평점이 장난이 아니네요      스토리가 독특해서 좋았는데     중국 투자인지도 몰랐네요
문폴,일본차가 계속나오는걸보니 일본투자가들어간것같은데     영화안좋아한다 
문폴,유랑지구보단 훨 낫던데  
문폴,저 유명한 배우들이  웃길려고 저러는게 아니라 진지하게 대사치는걸 보니 분명히 인류는 퇴보하고 있는게 맞음 
문폴,아    노잼   썸네일에 속아서 절대 보지마라  
문폴,아      정말  최악의 영화    시간낭비임 
문폴,중국 뽕
문폴,보다가 못참고 꺼버림   착한 내 입에서 욕 나와  제작비 어떡해
문폴,재난영화지만 전혀 긴장을 안하는  담력좋은 배우들에게 박수를  매번 새아빠는 살려두지 않는  감독에게 박수를   
문폴,이거 왜 만든거냐 아무리 영화여도 개연성이라는게 있는데 전부 무시하고 지 맘대로 만든 영화네 감독이 쓰레기네
문폴,지루함
문폴,전혀 발전이 없는 에머리히
문폴,중국자본이 투입되면 스케일이 커지고 화려한   로 도배되지만 예외없이 개연성은 개나 줘버리는 이유가 뭘까  중국이    나라인 건 잘 알겠는데 왜 영화가 개망작이 되는지가 공포와 미스터리인듯    예외 없이 의미없는 배역으로 중국인 꽂아 넣고 중국이 인류를 구하는데 개입되고     그런데 개연성은 개가 물고 가버리고 우연과 황당함만이 중국스럽게 남는다  시나리오가 개판 그자체였지만 가장 백미는 총사령관이 아내를 믿는다며 총을 빼들고      발사를 저지할때는 진짜 해도해도 너무한     그리고 지구와 인류를 창조하고 달을 기지화하는 신급 능력의 선조가 저    하나를 제거 못 한다고  지구와 달의 충돌직전 주인공들이 사뿐히 지구에 착륙    달이 무슨 드론도 아니구   
문폴,   
문폴,상류급 배우에 적지않은 투자예산 적절한 특수효과 까지다좋게 재작됫는데 외이리 허접       류영화같지  영화 초반에 나와서 할리베리가 캐고다니는 지내 뱀 이거는뭐야 걍이괴물이 주인공 이고번식되는거막으려는 외계인 지구뒤집어지는 블록버스터 효과첨가하고 공중전투씬 좀더많이 재작햇으면 더좋앗을꺼인데 페트릭윌슨 팬으로 몃마디갈겨봣다      년 최악의    드라마 라고해두자 그러고 이거봐   다음편집자양반 평점 점 도채택할수있게좀 합시다 평점남기기 위해 점이라도 줘야하쟌아요  점도 모질라
문폴, 
문폴,처음부터 끝까지 그리픽으로 긴시간을 이어가는  미국배우가 나오는 중국자본영화  아무생각없이보니 볼만함 
문폴,그저그랬슴  
문폴,오랫만에   영화 재밋긴 했네요  근데 마지막에 위성전화기   위성이 없을텐데      중국자본 들어간 영화라 해피엔딩인거 같음 그냥 상상의 나래를 펼친 영화 같은 순수함이 있어서 좋음
문폴,헐리우드에 중국물이 들면 쓰레기가 된다는 대표작   
문폴,롤랜드 에머리히 최악의 황당함
문폴,배가 산으로가는게 아니라 달로 가는구먼    재난 인디펜던스데이 아마겟돈 또 모지   
문폴,재난영화를 만들지않고 영화를 재난으로 만들어 버렸네 그리고 전부인의 남자친구는 죽는다 에머리히의 공식 
문폴,난 나름 괜찮은 영화다     영화는 좀 딴 세상 이야기지 않는가  재미있다  그냥 상상의 나래를 펼칠 수 있는 영화였다 
문폴,     저만 그렇게 본 게 아니라 다행입니다
문폴,뇌 빼고 보면 재밌는 영화
문폴,평점에 속지 마셔요
문폴,초반에는 정말 재난영화 같았다  그런데 갑자기     를 대학의 작은 동아리처럼 만들어 놓더니  중국 배우가 막 튀어나온다  아  결국 중국에서 돈을 댔구나  하는 생각이 들더라  그리고 결말이 뭐지  갑자기 인류의 조상들 얘기를 하네  게다가 달이 태양을 만들고 지구를 만들고  아주그냥 대충 만든 이세계 판타지물처럼 처참히 망가진 영화다  그리고 달 안이 비어있고 거대한 구조물이 있고 나노테크  가 있고  이정도면 영화가   가 아니라 판타지 타이틀을 달고 나와야 할 것 같았다 
문폴,중국 자본 들어가면 무조건 평점테러하는 보도연맹원들     달이 거대한 우주선이라는 오랜 이론을 바탕으로 만들어진거구만     충분히 볼만하다   
문폴,어쩐지   중국스럽더라  좋은배우들 가져다놔도 중국자본들어가면 어떻게 되는지 딱 알게해주는 영화   제이슨스타뎀도 중국자본을 못피해갔던 영화가 하나 있던데     비슷함
문폴,뻔한 스토리에 중국자본 다 뻔한데  그냥 소재가 너무 신선해서    줍니다   달이 인공구조물이란 생각은 살면서  조 앝해봄
문폴,나가도 너무 나가는 롤랜드 에머리히 
문폴,원래 용두사미 혹은 용두사기가 전문인 롤랜드 에머리히 감독에게 이제 쥐어주지 말았어야 할 제작비를 중국놈들이 쥐어준 작품의 결과는 처참함을 넘어서 지구 자원의 낭비였다  인디펜던스 데이와     등등의 본인 영화 재탕에 아무 가치도 없는 음모론 수준의 조잡한 상상력이 더해져 이런 수습 불가능한 내용들이 대체 무슨 의미가 있나 싶을 정도로 이 사람의 영화는 제작을 거듭해도 정말 개선이 안 된다  재난 영화가 이렇게 긴장이 안 되고 지루하고 재미없게 만드는 것도 능력이라면 능력이겠다  사실 롤랜드 에머리히는 이미 끝났는데 중국의 쓸데없는 자본이 호흡기 노릇을 하고있고 이번에도 결과는 중국것들 만큼 처참했다  이젠 상향 평준화 된     조차 아무런 특색이 없을 정도로 이 영화는 관람 자체가 시간 낭비다
문폴,짱개자본 이런거 제외하고  그냥 영화적으로 상상력이 어메이징하고  볼거리도 많았고    적으로 잘 만든 영화   
문폴,시나리오 누가 생각한건지 진짜 최악이다 
문폴,짱개 묻어서 안봤다
문폴,대가리 깨진 정치병자가 베댓이라니     
문폴,중국 자본이 중국뽕을 넣어달라고 요구해서 빡친 감독이 말도 안 되는 얘기를 한없이 유치하고 지루하게 만든것 같은 강력한 킹리적 갓심이 들게하는 영화
문폴,정말 영화스럽군  정도껏해야지  
문폴, 
문폴,     중간에 중국 아가씨는 뭐하러 나온겨    위엔화 쳐발쳐발하고 이정도 밖에 노출 못시킨겨    중국말 한 마디 하고 가시네    역할도 베이비시터       렉서스광고 제대로 때려주시고   늘 재난 영화에 나오는 음모론자 쪽방 외톨이 나오시고       다도망가고  에효    이걸 끝까지 쳐보고있는 나님계시고  돈받고 봐야될 영화네    
문폴,사람마다 보는관점이 다르겠지만 그냥 재밌게봤다 한줄 소감 재난영화인줄알고 봤는데 스타워즈였다
문폴, 급영화의 블록버스터 엄청난 영화들을 짬뽕햐놓은 느낌       놀랍다
문폴,중국은 왜 돈을 쓰레기통에 버리려 하는걸까    중국   로 범벅된 무협 양산형 쓰레기영화를   로 본듯한 느낌  중국영화에 대한 편건이 아니라 그냥 영화 자체가     나 아마겟돈을  류 저질로 베낀 느낌  아무 느낌없는 억지 감동씬도 그렇고 최근에 본 영화중에 젤 재미없음
문폴,우주판       달이 인공구조물이라면  에서 시작했지 싶은데  주제는 흥미롭다   전반부는 진부한 재난영화였고  후반부는 잠깐 어비스인가  싶었는데 흔한 재난영화   진부한 소재라도 신선하게 느끼도록 하는 것이 능력인데  감독의 능력이 여기까지인지  내가 늙어서 그런건지   촌스럽다        우주 소재인데 차라리 머스크한테 투자 왕창받고  스페이스   홍보나 미친듯이 해주지   뭣하러 중국돈 받아서    
문폴,중국 들어간 순간 삼류로 전락 
문폴,아마겟돈        인터스텔라  이것저것 짬뽕해놓은 드럽게재미없는영화
문폴, 
문폴,차이나는 뻔해서
문폴,볼만하기만 하구만  평점  점이 정말 영화 때문이여  헷갈리게 하지마라
문폴,작품이라고 하긴좀그렇고 돈쳐바른  중국선전물정도인것같습니다 그래도 기차타고 지방갈때 킬링타임용으로는 그럭저럭
문폴,중국영화이니 절대 보지마시길    이렇게 오늘도 헐리우드는 중국자본에 퇴보되는구나    이미 미국 자체가 중국 공산당에 넘어간 듯 
문폴,노노노노잼
문폴,평점이 낮아서 기대 없이 봤는데 저는 괜찮았습니다 영화만 보자면 감동도 있고   에 의존도가 큰 현시점을 생각해 보게 했습니다
문폴,짱깨가 돈 투자 해서 만든 영화라 그런지 의미없는 중국어가 영화 도중에 나오는것을 보니 돈으로 짱깨 자국어 헐리웃 영화로 나오는더 보여주고 싶었나봄
문폴,    년 세기말에 나올 영화가   년후에   
문폴,중꿔자본이 영화몰입도를 떨어뜨림     말이 왜나옴 
문폴,   
문폴,중국 자본       또 망작
문폴,차이나 머니   기업 자본으로 만들어진 영화  정확하게 말하면 영화같이 만든 광고    이 맞는 작품   분   분마다 한번씩     이 대놓고 등장함   댓글 먼저보고 영화를 봐서 어느정도 예상은 했는데  상상이상으로    이 많다 
문폴,편안하게 보려고 했는데 영화가 시작되면서 순간 보이는 중국어를 시작으로 중국인 나오면서 이미 중국 자본이 이 영화에 투자된것이 파악됐다  역시나 중국 자본이 깊숙이 들어간게 보이니 출연진 대사도 중국 냄시가 나며 역대 할리우드   영화 아마겟돈  코어  딥임펙트       등을 교묘히 영화 안에 집어넣어 새로운 이야기를 느낄 수 없었다  고로 이 영화는 그저 중국 자본으로 만들어진 하류 작품이다 
문폴,  
문폴,중국자본 들어간 영화는 자본만 유입되는게아니라  꼭 연기 못하는 끼워팔기식 배우와 중국의 기술력이 영화내에 삽입된다   어떻게해서둔지 중국이 짱이고 중국이 최고라는 약한 개가 짖는소리가 항상 삽입이되고 그렇게 안하고는 못견디는 간장종지만한 옹졸한 중국인마인드가 담뿍 녹아있다  앞으로 중국자본으로 영화를 만들어야한다면 자본은 투입하되 중국은 지워버려라 그래야 산다    세기에   세기마인드 중국영화따윈 보기싫다
문폴,유랑지구 헐리우드 판으로 그저 그런 영화  개연성은 역시 밥 말아 드셔서 핍진성이 늑히 낮다 
문폴,돈을 이리 쏟아 부었지만  황당함도 정도가 있다는 원칙을 넘어 설 순 없었다  잠깐 잠깐 나오는 중국 여자가 백인을 구해주는 모습에서는 이질감 때문에 혀를 찰 수 밖에 없었다
문폴,댓글러들의 평가는 냉정하다 그들의 식견은   옳다 
문폴,롤랜드 에머리히가 중국 자본을 만났을 때   어디까지 막 나가나 두고보는 맛이 있음 
문폴,보면서 중국 냄새가 풀풀 나더니 그런가 
문폴,너무 재밌었어요  가정한 내용들이 너무 흥미로웠고 긴박한 연출이 너무 맘에 들었습니다  여러 고난 속에서도 이겨내는 모든것이 맘에 드는 영화였고 많이 위로 받았어요   정말 추천합니다 
문폴,역시 중국산 영화        
문폴,어쩌려고 이 쓰레기 만화를 끝까지 보았나     무엇을 해야 이 화가 풀리나   
문폴,저는 중국자본이고 뭐고간에 아무것도 모른상태로 봤는데요  헐리웃 영화가 이렇게도 졸작이였나 싶었는데 역시 중국자본이 투입되었나보군요  연출은 그럭저럭 평타는 했지만 스토리와 구성이 너무나도 질이 낮더군요    년대 재난영화 처럼 너무도 어설프고 시대에 뒤떨어집니다  특히 느닷없는 안경뚱뚱한 배우는 영화가 끝나도 왜 있었어야 했는지 도무지 이해가 안됩니다  너무 화가나는 장면들이 많았고 필요없는 장면또한 너무도 많았습니다  재발 이런류의 영화는 그만 만들었으면 합니다  인터스텔라나 그래비티 같은 영화의   분의  도 못따라간 졸작 이라 생각 됩니다 
문폴, 점영화는 절대아니지만 평점보정용으로    점대가 적당한 영화  
문폴,소재가 참신해서 보면서도 저 중국배우가 극중 있어야할 이유가 머지 의아햇는데     아무리 영화라지만 말도안되는 스토리 진행이고 또 왤케 이야기를 푸는방법도 되게 구닥다리네요 헌옷들을 짜깁기해서 옷만들어입은 느낌입니다
문폴,이걸 영화라고  만들었냐    달속에 들어갈때부터 쎄하더라
문폴,어이없고 재미없는 억지 영화
문폴,     재앙
문폴,짱깨가 묻는 순간  이미 영화가 아닌 개허접 쓰레기가 된다는 진실의 재확인 
문폴,엣날 선조는 중국인의 마인드를 가지고 있었다   그래서   가 인류멸망이 우주에 평화를 가져올수 있다고 자각한 것이었음    반대하면 중국인 
문폴,뻔한 스토리 가족의 사랑 확인  용감하게 희생하는 주연 또는 조연  지구 구원 로 구성된 영화이다  그냥 거르는 것이 더 나을 듯 싶다 
문폴,쓰레기 영화
문폴,보는내내 지루했음   
문폴,총체적 난국  어떤면에서는   라고 봐야하는 영화에서  말도 안되는 헛소리와 음모론을 들고 옴  몰입감과 개연성이 거의 희미한 인물들의 돌발적인 행동과 갑작스러운 신파극의 나열  도대체 이게 무슨 상관인가 싶은 이야기들의 조각난 반복 배치로 떨어질 수 밖에 없는 집중력 중국자본의 불쾌함을 보여주는 모범적인 케이스인  갑작스런 중국어와  쓸 데 없는 중국언급에 요즘 중국입김들어간 헐리우드 영화에서 반드시 나오는 아무것도 하지 않는 중국여자  명
문폴,    의 그 스펙타클함은 어디가고      예산이 딸렸나    거기에 예측이 되는 너무 전형적인 스토리  복사 붙여 넣기 스토리     
문폴,예고편만으로 만족을 하는건데          차라리 애니메이션으로 만들면 나을뻔한 산으로간 스토리    
문폴,공감이   도 되지않는 영화
문폴,왜 우주산업에 더이상 돈을 투자 안할까요  세상은 돈이 넘쳐나서 이딴 쓰레기를 만들고 있는데 돈없다고 못한다는게 이해가 안되서요   
문폴,장점  에머리히 감독답게 다 때려부심            할리베리와 중국배우 이쁨            하우스만 박사 맘에듦  단점  중국자본과 왜놈 협찬의 콜라보           너무 터무니없는 내용을 영화로 만들어낸 감독의            용기                처럼 나가다가 인디펜던스데이로   
문폴,영화를 선택한 배우들이 불쌍
문폴,개연성부족  비과학적   초반 좀 지루하지만 킬링타임용으로도 초반 지루    
문폴,창의적인 상상력 이긴 하나 너무 뻔함 늘상 봐온 블록버스터 재난 영화
문폴,생략
문폴,거참 다 살고 가족위해 헌신한 새아빠 톰만 죽었네    아무리 시나리오 쓸게 없다고 유투브 떠도는 음모론으로   대작 만들 돈을 날리냐      
문폴,한마디로  괴랄한 영화
문폴,헐리웃 감독과  배우가 출연한 중국 쓰레기 영화  벌레 나오는 쓰레기 같은 영화임 
문폴,맨날 똑같은 패턴   드라마가 휩쓰는 이유
문폴,훠어이  짱깨   왜구 콜라보 
문폴,                       그 래     문의  몰락   문재앙의  몰락이다                           
문폴,짱깨 요소가 흐름 끊긴해도 솔직히 재밌긴함 눈호강도 적당하고        오락영화에서 예술을 바라는 무지성 힙찔이들 평가 너무 박하네      
문폴,투머로우와     는 몇번 봐도 재미있게 볼수 있지만 이건 한번 보든 것도 힘들다 망작
문폴,  이하 관람용 
문폴,지금 보려고 하는데 중국 자본이 묻은 거엿군요    재미 없겟네       
문폴,중국 만물기원설을 입증하는 엄청난 영화   세상은 샤오미로부터 시작된다 
문폴,     뭐지 왜 삭제 된거야     다시 써줄께  이 영화는 롤랜드 커리어에 최악의 망작이 분명하고 할리도 커리어에 다시한번 큰 데미지를 입게 될것이다   렉서스 광고비에 중국놈들 자본으로 만들어진 영화가 오죽하겠냐    라고 생각했는데  상상을 뛰어넘는 망작의 탄생이구나 
문폴,뻥이 심해도 너무 심하네요  아무리   라지만 너무 와닿지 않는 내용이에요  달에 토끼가 산다고하면 모를까 
문폴,중국영화를 안 보겠다고 맘먹고 있었더니 이런식으로 떼넘들 영화를 보게 되네
문폴,      투모로우를 기대했건만 일본침몰이 나왔네   
문폴,짜장 냄새가 심해서 안본다    
문폴,일단 돈 많이 들여서    개는 준다 혹시나 했는데  시간이 아깝다
문폴,중반쯤에 눈치챘어야했는데  중국어 하는 여자애  한자 문신이야기  중국서 우주선  빌린다 했을때     차이나머니 들어간 영화  후반부는 그냥 중국식    물    신파     아 낚였네 할때 영화는 끝이남     중국영화인데 할리웃 배우넣어서 속인영화   이왕 하는김에 주석 사진도 넣지  그랬어    달도 중국이 만들었다고 우길려고 만든영화  믿고 거르세요
문폴,   
문폴,글 쓰려고 로그인 했다   달이 인공구조물이다    음  이건 뭔 자다가 봉창 두드리는 소리냐  아놔  짜증나네  
문폴,  
문폴,짱깨  렉서스 때문에 짜증나긴 해도 에머리히 감독의 스케일과 참신한 내용 때문에 볼 만하긴 함 
문폴,일단   씨지는 대박이고 좀 스토리  황당허무   결론적으로     에이아이가   쿠데타 일으켜서    인간멸종시킬려고 하는것       가 낫다고 본다     그냥 소소하다    
문폴,끝까지 보고 말았던 내가 한심하네  
문폴,저작비가 아깝다
문폴,지구도 움직이는데 달도 구해야지    있을 법한 상상력이지만 딱 그기까지만 보여주고 감독의    범벅도 부실한 스토리를 전혀 채워주지 못한   
문폴,재미있고만     이 정도면  잘 만든거지   
문폴,감독의 전작들에 비하면 많이 실망스러움 하지만 짱깨 묻은걸 감안하면 그나마 괜찮은 편임
문폴,승리호가 참 대작이란걸 다시한번 느꼈다
스펜서,비극을 바탕으로 사이코드라마를 만들었네  다이애나비는 죽어서도 별 시덥잖은 것들한테 이용당하는구나   
스펜서,영화가 전체젃 으로 어두운건  그녀의 삶이 그만큼 외롭고 황페했기때문  동화속 공주처럼 세기의 결혼식을 올렸던 그녀가 망가진 이유가 곡 남편의 불륜이었을까 자의식과 자존감에 상상못할 상처를 받았던게 아닐까 남편의 사랑을 못받는다해서 이처럼 불행하게 생을 마감하지 않을텐데   가여운 신데렐라
스펜서,닮은 모습에 봤는데 과장된 제스춰 남발로 피곤 모든 부분에서 과함
스펜서,영화내내 암울한 음악과 보는사람도 신경쇠약 걸릴거  같은영화 조금은  이해가 가지만 너무너무 지루하다 다이아나비를 좋아해서 꾹 참고봤음  
스펜서,기대를 많이 했는지  답답해서 보다 말았습니다
스펜서,재미도 없고  감동도 없고   지루함만 있을 뿐  연기도 왠지 어색하기만 하고   숨막히는 분위기 조성은 잘한 듯  음악이 괜찮았다 
스펜서,어느정도 예상은 했었지만  생각보다 영화가 훨씬 더 우울하네요  왕실에서의 그 답답한 시스템을 실감나게 느낄 수 있었음  하루에 옷을 도대체 몇 번을 갈아입고  그것도 정해진 순서에 따라서    옷 갈아입고  밥 먹으면 하루 다가겠네요  그리고 설마 했는데  진짜 그레고리가 앤 뷸린 책을 다이애나 방에 갖다 둔거네요  참나    저 당시 다이애나 심정은 아무도 이해 못할것임  전 세계가 주목하고 사랑하던 왕세자비가 남편에게 버림받고  왕실에서는 인기많은 다이애나를 더 싫어해서 딱 봐도 왕따시키고 어디서든지 자기들끼리 뒷다마 깠겠죠  예전에 퀸이라는 영화를 봤을때도 엘리자베스  세 여왕이나 왕실 사람들이 얼마나 다이애나를 못마땅하게 여겼었는지 다 느껴졌음   저 위압적인 곳에서 그걸 혼자 어케 견디나
스펜서,연기 매우 좋음 하지만 불안한  정신상태와 히스테릭한 태도  숨막히는 분위기가 네버엔딩으로 이어져 중도포기함
스펜서,시작되는 에피소드 부터 다이애나 눈빛이 무슨 부적응 정신병자로 그려내고 있음  여주 캐릭터 해석 오류인듯
스펜서,독일에서 서울오는   루프트한자 비행기안에서 자막없이 봤는데  뭔내용인지  다 느껴지더라  못먹고길바닥에서 구걸하는 장애인도 있는데 너무 배불러서 나약하기만 했던  다이애나
스펜서,영화를  보는 내내  왜이리도 갑갑한지   그냥 영화를 보는  나도 숨이 막힐 거  같던데 다이아나는 오죽했을까 라는 생각이든다  
스펜서,정말 재미없다
스펜서,크리스틴 스튜어트의 연기가  다이애나가 빙의되듯 이미지가 비슷했다  다이애나의  내면연기가  좋았으나   앞부분이 없이   내면애기만  있다보니  관객이 추측해야하는부분이 아쉬웠다
스펜서, 
스펜서,시작부터 끝까지 우울함과 불쾌한 감정들이 뒤죽박죽 느껴지는 아주 슬픈 영화 영국 날씨와 꼭 닮은 우중충한 왕실의 틀 속에서 여왕은 행복할까 
스펜서,그 누구든 그 사람의 인생을 살아보지 않고는 그 사람을 평가할 수 없다  인간으로서 자유롭게 행복한 생활을 원했던 인물이 상황의 감옥에서 얼마나 불행했는지 보여준 영화라고 생각한다 
스펜서,미국배우가 영국왕실 왕세자비를 연기한게 놀라운 따름이나  여성 버디영화인지 헤갈린다  영국왕실의 가족이 되려면 오랜 관습의 무게와 파파라치의 관심을 피하기 위한 그 정도의 희생  더구나 윌리엄 해리 두 아들의 어머니로서 책무를 지는 것도 도저히 견디기 힘든 일이였을까  결국은 이혼후 아랍 부호와 연애 중 파파라치를 피해서  도망가다 파리에서 교통사고로 삶을 마감했는데 두 아들도 버리고  바람 피긴했지만 왕실 의무에 대해 설득하던 남편도 버리고 자유를 찾아나선 여정의 안타까운 결말이 평범한 삶을 사는 시민들의 먹고사는 생활고보다 더 심각했다고 할 수 있나  미성숙한 인격  왕관 무게를 감내할 수 없는 성품으로 자신에게 맞지 않는 옷을 입고 괴로워했던 한 여자의 홀로서기라고 생각하고 싶지만 전혀 공감하기 힘들다
스펜서,고구마 열개 한꺼번에 먹은 느낌의 영화     
스펜서,다이애나의 고독과 절망에 대한 영화  자신의 옷 한벌  악세사리 하나 조차도 본인의 취향을 내세울 수 없고 두 아이의 양육방식이나 교육에 대해서도 목소리를 낼 수 없고  바람피고 냉정하기까지 한 찰스  다이애나가 인간적으로 불쌍하기 그지없었다 
스펜서,진작 벗어나야 했을 곳
스펜서,만인의 사랑을 받았으나 님의 사랑만이 필요했던 프린세스 다이애나  왕실이 주는 구속과 억압속에서 어떻게든 숨쉴 구멍을 찾고자  때맞춰 세팅해 놓은 드레스를  실수인척 바꿔입고  먹은 음식을 토해내고  여왕보다 행사에 늦게 도착함으로써  불륜하는 남편과 외면하는 왕실의 불편부당함을 어필해보고자 했는지도     왕실의 일원이기 보다 자유의지를 실현시키는 존엄한 인간이 되고자 했던 다이애나는 이름을 묻는 패스트푸드 직원에게  스펜서라고 답한다   엄마는 뭐 때문에 슬프냐고 묻는 윌리엄의 질문에 다이애나 대신 내마음이 무너져내리는 영화  스펜서 였습니다
스펜서,여주 심리상태가 블랙홀이라 나까지 빠져드는줄 
스펜서,스산한 음악만큼이나 불안한 정신 상태를 보여주는 영화 재미보다는 다이아나비의 심리 상태를 보여주는 영화 크리스틴의 연기가 너무 좋았다
스펜서,나에게 허락되지 않은 자유  나를 사랑하지 않는 남자  나의 삶을 얽매는 관습  보는 이마저 신경쇠약에 걸릴 것 같은 그녀의 삶 
스펜서,정확히   무슨 얘기를할려는 건지   그냥 추측해야할 뿐이네요        그녀의 삶이  우울했다는건가    근데 비싼  고급음식들을 먹는건데  왜  소화못하고 토한  이유는 좀 이해안가고    오히려 패스트푸드는 잘먹고      음       뭐가뭔진     
스펜서,왕실의 답답한 굴레서 벗어날려고하는 가련한 다이애나  
스펜서,  
스펜서,크리스틴의 연기는 정말 완벽했다  근데 엄청 재밌거나 흥분되지 않는다
스펜서,총에 맞아 죽거나 차에 치어 죽을 수밖에 없는 운명을 타고난 왕실별장의 꿩   다이애나가 스펜서로서 지금까지 살아있다면 좋았겠다 잘은 모르지만 좋았던 느낌의 다이애나 크리스틴 스튜어트가 그냥 다이애나였다 
스펜서,볼만하다
스펜서,생략
스펜서,   
스펜서,연기 내용 암것도 없고 영상미만 있음  대실망 비추
스펜서,보고 있는데 정신병 걸릴 것  같아요  깜이 안되는  왕세자비
스펜서,화질이 안좋아요 의도적인듯 첼로 선율이 내내 슬퍼요 아름답고 슬픔 전반적으로 지루함
스펜서,다이애나 왕세자비로 빙의했던 크리스틴 스튜어트
스펜서,크리스마스  일간 다이애나비의 심리를 그린 영화     주문 에서 이름이 뭐냐고 묻자 스펜서  라고 했을때 왕가에서 두 아들과 자신이 탈출하다시피 자유를 만끽하는 씬이 가슴이 저민다 
스펜서,봤어요  휴    지루해서 혼났심        한 개인의 넋두리 보다는 당시의 사회 군상과 왕실과 그들이 교섭하는 집단의 행태  또는      년대 옛날 분위기도 좀 곁들여지지 않을까 했건만   예상 불발  이번엔 영화 선택에 실패 
스펜서,그녀를 옭아메는 모든 것들이 의상으로 잘  표현되어 있음 
스펜서,내가 다이애나가 되어 영화를 봤어요    아들이 엄마에게  무엇 때문에 슬픈지 물을 때   나에게 묻는 것 같아 그때부터 내가 다이애나가 되었고 내내 마음이 아팠어요
스펜서,겉보기는 화려하고 명예로워보이지만  전통과 관습을 수호하기 위해 진정한 자신의 모습을 감추고 연기하며 살아야하는 영국 왕실의 삶을 다이애나를 통해 느끼게 해준다  크리스틴의 연기가 무척 훌륭함  역시 평범하게 사는 것이 최고여 
스펜서,우울해져요    힐링하실 분들은 패스 
스펜서,병맛국가의 불필요왕족에서 고생한 멘탈약한 약해진   여인이야기  크리스틴의 연기는 좀 에바던데  아래 시간 개아깝다는 의견  킹정 
스펜서,완전 재미있어요 꼭보세요
스펜서,왕  세자비  가    전하     목걸이를  먹는지 
스펜서,시간 개 아까움 예술병 걸린 사람들의 영화 이런거 내놓고 자기들끼리 시상하는게 웃김
스펜서,숨통을 조이는 그곳의 공기와 영혼을 갉아먹는 그들의 전통  고통을 토해내는 다이애나의 모습에 가없는 연민을 느꼈다   크리스틴 스튜어트  우와  
스펜서,일부 환상 장면이 포함되어 공식 이혼전 그녀의 스산함  불안  초조  분노  토막난 모성애가 매초 단위로 전개된다  인간적으로 못견딜 상황    자유로운 젊은 여인이 감금당한 규율  이용당한 결혼  빈껍데기의 남편으로부터 달아나려는 본성  관성  저항의 격하고도 미묘한 저항이 추운빛  애매한 화사함 속에 죽음을 향해 돌진한다  나름 출중한 연기들  절제된 연출 등 수작임
스펜서,음악  스토리  연기 탄탄한 영화  강추
스펜서,결국 사고로 죽은 여자잔아  그런 여자가 아무리 틀에박힌 굴레를 벗겨낸다 해도 결국 자살비슷한 마지막을 보낸   이겨내지 못한 여자를 뭘 그릴 난리로 영화를 만드냐 꼴두 보기 싫다   이겨낸 여자를 보여라 영화로
스펜서,다이애나 스펜서    그곳에선 행복하기를   
스펜서,재미보다는 분위기를 느끼며 보는 영화  크리스틴의 오스카는 유력할 듯 
스펜서,왕실 전통 무게감에 피폐해지는 자아  이에 벗어나려는 한 여인의 모습을 담았다 
스펜서,연출 연기 완벽한 영화였어요  보고나면 먹먹하고 화납니다
스펜서,열려있지만 닫힌 경계를 넘어 내 이름을 찾는 비행
스펜서,크리스틴 스튜어트 용안이  경건하네요  절경이고요
스펜서,나름 취지는 있겠지만  어찌  시간 내내 불안  징징거림  자학만으로 채워 관객에게 심리적 고문을 하는 영화를 만들었을까  각본가나 감독 누구든 소시오패스 기질이있는 것 같다 
스펜서,크리스틴 스튜어트 아카데미 수상하겠네요
스펜서, 
스펜서,크리스틴 스튜어트의 완벽한 연기
스펜서,크리스틴 스튜어트 너무 이쁨
스펜서,왕실에 적응못한         애미가 이러니 둘째 해리도 오늘날 이모양 이꼴이지 
스펜서,살아서는 세기의 아이콘 죽어서는 퀸 프린세스  오브 하트    
스펜서, 
스펜서, 
스펜서,개봉날만 기다리고 있어요  
스펜서,다이애나 왕세자 비의 안타까운 생애를 그린 작품   진심으로 기대됩니다 
스펜서,빨리 개봉해 주세요  플리이즈 
스펜서,너무 기대됩니다 
모비우스,킬링타임용으로 생각보다 볼만함   평점 점은 될듯   조절용으로   점줌 
모비우스,뻔한 스토리  재미도 극적 용소도 없다  평범한 흡혈귀 피를 마셔야되는 흡혈인간 이야기가 지극 단순하게전개
모비우스,나름 볼만한데 평점이 너무 낮아서 만점 줌
모비우스,평점보고  안볼까하다가 봤는데  진차 재밌게 봤어요
모비우스,진빼이 배트맨이네   
모비우스,자기는 막 죽이면서 친구는 못죽이게 하는건가 
모비우스,영상과 액션은 좋은데 스토리가   그래서 혈액에 대한 갈증은 대책이 나온 건가요  마일로 죽이고 자신도 같이 죽으려고 항체를  병 만들었던 거 아니었던가      
모비우스,소니도 참 한결같다 
모비우스,아    진짜 이렇게 재미없게 만들기도 쉽지 않았겠어 
모비우스,전형적인 스토리
모비우스,호불호가 갈리겠으나 나름 흡혈박쥐 와 인간의 유전자 조합  병을 치료하는 게 원래 목적 이였던 부분이 안쓰러웠다  그러나 전체적으로 마블에서   풍이 느껴진다고 해야할까  어벤져스만 보다가 색달라서 좋았다 
모비우스,플롯이 진짜 어떻게 생각했던거와 단  도 안틀리고 그대로 따라가냐    도 괜찮은거 같다가도 또 어떨때보면 이상하고    예전이었으면 그래도 주목받는 캐릭터였을텐데  요새는 히어로던지 안티히어로던지 캐릭터들이 하도 많이 생겨나서 그냥 그런 캐릭터로 남을 듯   
모비우스,시간때우기 나쁘진 않은데 뭔가 뻔한스토리라  
모비우스,  
모비우스,간만에 재밌게 보았습니다  시간 아깝지 않게요  
모비우스,이게 뭐람
모비우스,재미있게 봤습니다  짐캐리의 마스크가 떠오르는 얼굴만 빼면     
모비우스,넷플에  뜨길래 무심코 봤는데 나름 재밌었음  주인공이 멋있음 같은상황에도 주인공들은 선을따름  
모비우스,재미가 없어도 너무 없네요  스토리도 액션도   도 볼 게 없어요  악당이 악당 짓하는 이유도 너무 어이없음  심심해 미칠 것 같아도 절대 보지 마세요 
모비우스,재밌어요   흡입력 좋네요  
모비우스,평이 왜이렇죠  전  재밌게 봤는데
모비우스,재밌어요  
모비우스,모비우스    베놈 
모비우스,  
모비우스,쓰래기
모비우스,볼만한데      들이네     여기가 칸느냐
모비우스,안타깝네       러닝타임    분 보다 앤딩 크리딧     분 남짓한 영상이 훨     씬 흥미롭네
모비우스,즐겁게 잘 감상했다  흡력초인이라니  초감각과 비행능력은 좋은데 피를 마셔야 한다는 것이 너무 취약점이네  그리고 기본적으로 선한데 벌쳐와 팀업을 어케 하려고 쿠키를 저렇게 만들었나 싶네  나중에 또 다른 작품에서 본다면 반가울 듯  런닝타임이 짧아 신속한 전개가 미덕인데  빌런과의 싸움이 너무 허접하다  그외는 볼만함 
모비우스,어쩌다 능력자 악인등장 사연있는 악인인듯 아닌듯한 주변인물   가족이나연인위협 결투 질리도록 보아온 마블의 뻔한 전개가 반복된다  단지 매력없는 캐릭터만 새로 나왔을 뿐  드라큘라나 뱀파이어  심지어 배트맨까지 있는와중에 마블이 선택한 최악의 악수는 모비우스라는 박쥐인간이었다  공감도 재미도 의미도 없는 무미건조의 끝판  디즈니의 쓸데없는 간섭에 가족도 마니아도 잃어버린 마블의 현주소 
모비우스,차기작에 캐릭터 하나 더 추가하려고 날로 만든 영화
모비우스,예측 가능한 단순한 스토리와 스테레오 타입의 캐릭터   총체적 허술한 전개로 모비우스는 한없이 가벼운 영화로 기억될 듯 그래도 액션 장면은 화려해서 보기 좋았다  먼저 개봉한 두 편의 베놈보다는 재밌게 관람했다 
모비우스,최근 마블 히어로 영화가 갈곳을 잃은 무색무취임을 여실히 들어낸 영화가 아닌가 하다   이런 졸작이 이어지는 이유가 무었지는 모르겠으나 그냥  급 액션정도만 기대하면 될듯하다 
모비우스,쓰레기 같은 영화 이런건 돈주고 보면 아까움 하지만 통신사로 무료로 봐서 돈은 아꼈는데 영화 보러 간 시간과 기대감등을 생각하면 실망감이 컸음 전혀 정보 없이 그냥 마블 히어로 장르라서 기존 마블 기대하고 봤는데   나와도 보면 안될영화 스파이더맨 시리즈와 베놈 모비우스 알아보니 죄다 소니 픽쳐스 컬롬비아 픽쳐스  만든 영화임 스파이더맨 최신 시리즈는 그나마 스파이더맨  명 나오고 해서 볼만했지만 베놈     모비우스 스파이더맨 이전 작품들 다 마블 캐릭터 판권을 사서 소니가 만들어서 마블급으로 생각하고 볼 영화들이 아님 이건 그냥 마블과 다른 영화라고 생각해야함 마블 로고만 빌려서 만든 후진 영화 임 앞으로 베놈 모비우스등 마블 판권주고 산 소니 픽쳐스 제작들은 죄다 걸러야 함   
모비우스,재미도 없고 액션도 없고 신선함도 없다  도대체 뭐야
모비우스,별 기대안했는데 재밌네  엔딩보니  탄도 나오려나보다  
모비우스,마블도 이제  한물 간듯
모비우스,평점조정
모비우스,예고편으로 관객을 낚은영화   영화 함 봐보셈   이건 진짜아님
모비우스,허헐   주성치 영화  손오공 서유쌍기   월광보합 편에서 잠자는 사람들의 음기를 빨아먹는  흑성요괴  라고 했던가    걔하고 좀 닮았네    
모비우스,마블영화에 비하면 너무 밍밍하네   볼거리도 생각보다는 미흡하나 볼만하다 
모비우스,재밋게봣어용   편 또 나왔으면 좋겠네여  
모비우스,재밋기만 하구먼  악평이 많네요
모비우스,진짜 베트맨이 나타났군   영화 잘만드네 
모비우스,볼만하지만  스토리가 뭔가 엉성하고 느닷없어서 당황스럽다
모비우스,어떻게     년에 나온 언더월드보다   가 후질 수 있냐      년에 영화 줄거리를 이따우로 만들어도 제작비를 받아 낼 수 있는 거야  이 영화는 마블유니버스랑 아무 상관 없는 걸로 이런 대배우들 데려다가 겨우 이런 연기 시킨 감독은  이 작품을 끝으로 영화계를 은퇴해야 맞을 듯하다 
모비우스,처음 시작은 그럭저럭  참신함도 없고    지루하다 
모비우스,      이걸 영화라고    
모비우스,엔딩에서  편을 예고하던데 안간다  무료티켓 보내지마라  재미없는 영화
모비우스,흔하디 흔한 전개와 스토리와 연출   그 이상의 점수를 주기는 불가능하다
모비우스,개폭망 영화최악
모비우스,충분히 있을만한 스토리네요 시간순삭입니다
모비우스,주인공이 매력적이지 않을뿐   는  그런대로 봐줄만했다
모비우스,그럭저럭   킬링타임용 에   그치는군
모비우스,개연성도 없고  언제끝나지 기다리게되는 
모비우스,기대안했는데 재밌네요 텐링즈의전설보다    배남
모비우스,자레드레토는   대인데 어쩜 저렇게 안늙는지 모르겠다   이 영화 완전 좋은건 아니나 그렇다고 마구 까일 영화도 아니다 
모비우스,   
모비우스,이  영화는 역대급이다      년도 영화중 최고다 
모비우스,초반부터 중반까지는 상당히 흡입력이 있다  하지만 뒤로 갈수록 식상하고 대충 마무리가 된다 
모비우스,좋은 배우와 멋진 연출 하지만 진부한 스토리와 뭔가 찝찝한 마무리  영화를 보기전까지 주인공이 이렇게 잘생긴 배우인지 알지 못했습니다  연기력도 좋았구요    범벅이지만 이정도는 영상의 화려함과 재미를 주기에 좋았다고 생각이 들었습니다  하지만 전개가 별로이고  사건간 개연성이 너무 적다는게 문제  박쥐하나의 유전자를 조합했다고 사람의 구조적인 모습이 쉽게 바뀌지 않습니다   너무 과도한 분장이 영화를 망친기분    년도 영화 드라큘라에 비해   만 화려하지 전체적으로 수준이 떨어짐  빌런인 루시안을 제외하고 인물들의 특징이 크게없다는것도 많이 아쉬움  화려한  를 둘렀지만 큰 임팩트가 없음  마지막 싸움마저도 이게 뭐지  할정도로 어이없게 끝나는것도 문제 
모비우스,딱     년 초반 수준의 연출임   그닥 비추네요   
모비우스,나는 왜 졸릴까   다음편은 좀 괘안아 질런지   
모비우스,스케일이 조그맣다 베놈 같은 마블내 마이너 느낌
모비우스, 편을 반만 보여준 느낌  속편 노림수가 지나친   
모비우스,개판
모비우스,그리 인상적인 시작은 아니올시다
모비우스,언제 나올지 모르겠지만 후속작이 기대되네요 주인공 넘나 멋있음
모비우스,화면도 개어둡고 머가먼지정신없는영화였고이터널스랑견줄만한   노잼영화
모비우스,  를 잔상으로 처리해서 보기가 너무 불편하다   
모비우스,재밌다  화려면 영상과 액션만으로 볼만하다  요즘처럼 쓰레기 영화 홍수속에 돋보이는 평작
모비우스, 모비우스  라는 캐릭터에 큰 매력이 느껴지지 않지 영화는 잘 만든 거 같음 배우도 좋고
모비우스,스토리가 너무 단순하고 빈약하다  스킬도 단조로움 
모비우스,내용에 당위성이없다  그저 죽이고 빌런도 타당성이 없다 왜싸우는지 모르니 화면이 화려해도 지루하다
모비우스,지들이 고용하고 같이 일하던 용병을  명이나 죽여놓고도  용병이란 이유로 그거 죽인건 노카운트라니    참 편리한 윤리관이네요   명 죽인 살인자가 좋은사람인척 하는 쓰레기 영화
모비우스, 
모비우스,낡은 카드
모비우스,식상한  혹은 닳고 닳은 전개로 끝나지만 오래된 것을 새로운 방식으로 보여준 것이 참신했달까    이 장점은 감독의 역량인가 배우의 능력인가 
모비우스,자레드 레토가 그나마 살렸다
모비우스,시작은 제법 그럴싸 하더니만 갈수록 없는 밑천 드러나는군            
모비우스,아     올해 처음으로 중간에 보다가 나왔습니다 
모비우스,캬  캬  만 하다가 영화 끝남
모비우스,새로운 게 없다  진부하다 
모비우스, 
모비우스,재미있긴 하지만 떨쳐낼수 없는 찝찝함   
모비우스,별 하나도 아깝다
모비우스,난 베놈보다    배 낫더만   앞으로 펼처질 이야기의 소재가 다양하겠어
모비우스,초반부  점 중반부  점 후반부  점 쿠키영상 죽음
모비우스,어정쩡한 정체성처럼 잔상만 흘러넘치네
모비우스,수어사이드 스쿼드 모비우스    자레드 레토가 참여하면     마블  모두가  초토화
모비우스,이영화는   의 화려함이   볼만하지만  어지럽다   스토리전개도  뻔하고  그냥 마블의 블랙히어로 탄생설화 
모비우스,재밌어요 
모비우스,분위기는 엄청 진지하고 스토리도 나쁘지 않은데  쓰잘떼기없는    로 보기싫었고 오히려 현실감만 떨어짐  액션에서 계속 졸음 악당역은 그냥 인간쓰레기로 왜 주인공을 공격하는지 이해가 안감 불면증 있는 분들께 추천드립니다
모비우스,친구가 카이저소제도 아니고     
모비우스,우리가  아는 흡혈귀 이야기에 마블과 소니가 데코레이션을  넣었다 한마디로  우리가 아는 뻔하디 뻔한 흡혈귀 이야기 그러다 보니 스토리는  한숨만 나온다 그냥   로 떡칠된 엑션신 만이 우리의 기대를 만져줄뿐  에휴
모비우스,앞으로 어떻게 진행 될런지 
모비우스,뭐지 이건   
모비우스,뻔한 히어로물도 캐릭터를 잘 조합해서 매력있게 만드는 마블의 능력이 드디어 한계에 이르렀나  저 좋은 배우들을 데려다가 왜  하는 생각만 나는 작품  보는 내내  쟤 왜저래  라는 생각이 드는 전개  속편이 걱정이다 
모비우스,나름 생각보다 재미있게 봤네요   이렇게 눈이 즐거운 영화가 재미 없다고하면 예술영화나 봐야죠
모비우스,킬링타임용으로는 좋다
모비우스,의외로 매우 진지 하고 음향도 좋고 연기도 좋고  
모비우스,겁나게 재미있었습니다
모비우스,기대안하고 봐서 그런가  너무 재밌게 봤음  담편 기대되요    어글리  하지만 매력적인 빌런  베놈이랑 비슷한 느낌이긴 하지만 또다른 매력이 있음  
모비우스,재미없어요 
모비우스,아    마블 예측가능한 단순한 스토리   로 덕지덕지 발라버린 클라스 이 어둔 분위기를 스파이더맨과 연결시킨다고  차라리 베놈과 콜라보해라
모비우스,별   개 정도는 아니다  나름 볼만하더라  연기는 확실히 잘해 스파이더맨 괴롭히려는 빌런또하나추가네  
모비우스,음      영화가 많이 엉성합니다
모비우스,기대를 안해서 그런지 재미있게  봣어요   극장에서 봐야 될 영화인듯   코로나로 인해 간만에 가서 더 좋았는지도  
모비우스,소니영화는 별로네
모비우스,새로운 캐릭터에 대한 신선함만 있을뿐 모든 내용이 거지같다    급전개 급발진 무리수 범벅
모비우스,너무낮은거같아서 실제별은    점정도 주고싶네요 평이너무안좋아서 별로라는걸 베이스로 깔고봐서 그런가  나쁘지않게 봤습니다  베놈 편을 재밌게보셨으면 재밌게보실듯 합니다  베놈 와 이터널스보단 낫습니다   개인적으로 베놈 을 재밌게본지라    기준을 베놈 로 두시고 볼지 말지 판단하시면 좋을듯
모비우스,  
모비우스,스토리는 말이되는 시작입니다  그럴수도 있는이야기다 근데 화면이 너무 마블영화다 이제는 마블의영화가 지루하게 느껴지기 시작하네요 단돈 만원에 보는거만  마블의 영화에 실증이 느껴지는 영화이구 다음 마블영화를 봐야할지 고민하게 하네요
모비우스,재미좋던데
모비우스,저는 시간 가는 줄 모르고 빠져서 봤는데 왜 이렇게 악평이 많을까요  코로나 시기에 이런 장르의 영화가 오랜만이어서인지 정말 재미있었습니다  무조건   범벅인 영화가 아니어서 더 좋았어요  그리고 자레드 레토도 멋져요 
모비우스,이토록 실용적인 영화라니
모비우스,꿀잼 자레드짱
모비우스,초중반부터는 괜찮음 후반부서는 끝이 허무하네  
모비우스,지루해서 사망할뻔   
모비우스,거미인간을 기다리며
모비우스,액션이라고 볼만한 것들은 예고편에서 본게 전부이고 알아볼수 없는 영상  구분안되는 주인공  형편없는 얼굴 변형    뱀파이어 소재로 이렇게 지루하기 짝이없다니  마블 소재로 소니에서 만들었는지 이렇게 엉망이다니 이터널스 이후로 다시한번 실망스럽네요
모비우스,스파이더맨 이    빌런 이  제일   많은가  배트맨이  빌란이   제일  많나   검색  해  도  양이  많아서  눈  아픔
모비우스,러닝타임이 짧아서  다행 스핀이더맨 아류도 아니고  이걸 영화라고 만든건지
모비우스,분명 마블 영화인데    같은 다크함 좋네요 전 개인적으로 재미있게 봤습니다
모비우스,재밌음   배트맨보다 쎈 박쥐히어로   베놈에 비하면 그리 다크하지도 않고 재밌게봤습니다
모비우스,아무리 공짜티겟이지만 잠만 잣음
모비우스,하    소니의 마블 유니버스는 진짜   
모비우스,영화 러닝타임이 짧아서 그런가 스토리가 부실했어요 그래도 배우들이 연기를 잘해서 그나마 멱살잡고 끌고간거같은데 굉장히 아쉽네요 액션이나 그래픽은 엄청 공들인거같았어요
모비우스,제평점은 별 개 재미없습니다
모비우스,베놈보다 재미 있네요 
모비우스,아쉽지만 볼만함 통신사 공짜표 감솨
모비우스,기존 아이언맨 캡틴아메리카 어벤져스등을 너 무 재미잇게 본분들이라면 실망할겁니다 
모비우스,초중반까진 나름 쫄깃한 진행이더니 막판은 영    
모비우스,부실한 스토리와 부족한 완성도  파워 밸런스 붕괴 등이 아쉽지만  빠른 진행과 화려한 영상  그리고  개의 쿠키가 최소한의 즐거움을 보장해 준다 
모비우스,잘잤습니다
모비우스,좀 불친절한 영화다  개연성을 꼼꼼하게 보여주지는 않는다  그래도  폭망할 정도의 영화는 아니라고 생각은 듬  나름 볼 만은 하단 얘기  짐 캐리의 마스크를 보신 사람이라면 그 캐릭터를 충분히 기억해 내게 될것이다 
모비우스,구미호 보는줄
모비우스,잼나게 보았는데 도입부와 결말부분이 좀 엉성하고 전체 흐름과 연결이 안되네요  주인공 멋져요  연기짱
모비우스,다크 무비를 지극히 좋아하지 않는 관객을 제외하고 무척 재밌게 볼 수 있습니다  전개도 빠르고  약간 어지러운 정도지만 비주얼효과도 괜찮은 것 같습니다  멀티 유니버스와 관련된 스파이더맨과 대결이 후속작이 될 듯   
모비우스,일단 어찌 탄생했는지는 알았고      배트맨 트라큐라 구만         스파이더맨하고 붙는 다음편을 기대하며    
모비우스,구성은 갖추어져 있으나 스토리가 아쉽고 영화의 진행속도가 빠르다  마블을 즐겨보던 사람으로썬 샹치보다 못한것 같아 아쉬움이 컸다 
모비우스,피로 부활한   세기 블레이드 버젼 화려한 영상과 퍼포먼스는 충분한 킬링무비로 손색 없다
모비우스,재밌어요 마블영화인데 주인공 연기도 쩔 었음
모비우스,보다가 졸았네요    
모비우스, 
모비우스,흡혈 야수의 대결이 인터벌 리듬을 타며   음향고조를 반복하면서 긴장과 이완  악과 선의 마음이 요동치며 흥미를 자아낸다    쿠키  
모비우스,오래 기다린 보람이 있엇다   개봉하자마자 달려가서 봤는데 역쉬     개짜릿함
모비우스,역시 믿고보는 자레드레토    
모비우스,쿠키 꼭 봐야함    앞으로가 더 기대됨 
모비우스,   분 순삭  쿠키 영상  개 제대로 떡밥 던짐
모비우스,개봉하자마자 보고 왔다  진심 오랜만에 제대로 된 액션 히어로 영화 보고 온듯   이터널쓰땜에 뚁땽했던 마음 모비우스로 치 유 
모비우스,베놈을 재미있게 봤다면 괜찮은 
모비우스,별로 기대 안됨 노잼
모비우스,베놈의 후예 같은 모비우스꼭보러 간다 근데 베놈이랑 모비우스랑 싸우면 누가 이기지 
모비우스,미국판 다크히어로
모비우스,케빈 파이기             없는 영화는 앙꼬없는 찐빵 
모비우스,굳일거라고믿는다
모비우스, 월로 또 연기  연기같은 모비우스 는 연기만해
모비우스,    
모비우스, 조커  자레드 레토의 주연의 영화라니 기대가 됩니다  
모비우스,우리 피빨이 또  월 일로 연기됐네   
나의 히어로 아카데미아 더 무비: 월드 히어로즈 미션,원작을 안 봐서 그런진 모르겠지만 조금 지루했다 
나의 히어로 아카데미아 더 무비: 월드 히어로즈 미션,굿
나의 히어로 아카데미아 더 무비: 월드 히어로즈 미션, 
나의 히어로 아카데미아 더 무비: 월드 히어로즈 미션,꿀잼
나의 히어로 아카데미아 더 무비: 월드 히어로즈 미션,특별관에 대한 광기는 점점 커져만 간다   아맥이든 포디든 열어주라  
나의 히어로 아카데미아 더 무비: 월드 히어로즈 미션,액션 연출이 좋아요
나의 히어로 아카데미아 더 무비: 월드 히어로즈 미션,극장판 존잼   
나의 히어로 아카데미아 더 무비: 월드 히어로즈 미션,스토리 개연성이 중요한 이유  나히아 극장판은 하나같이 스토리가 영 별로임  미도리야는 스파이더맨인 줄
나의 히어로 아카데미아 더 무비: 월드 히어로즈 미션,너무 궁금하다      
나의 히어로 아카데미아 더 무비: 월드 히어로즈 미션,설득력이 없는 악당이 된 이유
나의 히어로 아카데미아 더 무비: 월드 히어로즈 미션,드디어 개봉     극장가서   번 본다
나의 히어로 아카데미아 더 무비: 월드 히어로즈 미션,드디어 나오는구나
나의 히어로 아카데미아 더 무비: 월드 히어로즈 미션,나의 히어로 아카데미의  극장판 만화    진심으로 기대됩니다  너무나도 사랑해요   
블랙라이트,리암이  무명배우들 키워줄려고 봉사 하는줄  스토리도 흔한   마무리는 무슨 건너뛰기 한줄 
블랙라이트,좋다 리암의 액션은 늘 가볍지않고 깊이가있고 재미도있다
블랙라이트,본리시즈의 하하하위 버전   요상한 헤어스타일의 기자는 딱히 하는 일도 없고  급결말이 당황하게 하네 
블랙라이트,리암 형님 이제 은퇴하셔야할듯   
블랙라이트,리암 니슨이 주인공이여도 너무나 지루한 스릴러 전개  
블랙라이트,이미 다 써먹었던 흔해빠진 설정과 재탕  삼탕   이보다 더 지루할 수 없다   
블랙라이트,힘없네   
블랙라이트,평범한 음모론에 평범한 액션 영화 너무 예측 가능해서 아쉽다 테이큰을 다시 해석한 듯한 영화
블랙라이트,이게 뭔가 리암할아버지 액션은 은퇴하셔야할듯 액션이 총쏘는게 다 내용은 너무 허술해서 실소가  전작도 망작인데  이건 그냥 리암 돈벌게 해주려고 만든듯 액션은 이제 후배들에게 양보하심이
블랙라이트,리암니슨이라는 장르를 만들어낸 거장의 끝물  가족의 복수로 한시대를 풍미했던 리암니슨의 가장 초라한 액션물로 꼽을 작품이다  각본은 있으나 마나한 수준으로 여전히 가족을 부르짖고  등장인물들의 직업 설정이나 행동은 허술하기 짝이 없다  연세가 있으신 만큼 몸으로 하는 액션 연출은 따로 천천히 합을 맞춰 찍은 듯이 뚝뚝 끊켜 편집되었다  이제 리암니슨도 액션물 주연의 욕심을 내려놓고 가족드라마나 액션물의 보스급 조연 정도로 영화를 빛내주시는게 어떨까 싶다 
블랙라이트, 
블랙라이트,박수칠때 떠났어야   
블랙라이트,작품의 마지막이 아쉽네요  그것 빼면 좋았던 작품 
블랙라이트,리암 형님 나이가 있어서 액션도 안되고 달리기도 안됨   세월이 야속하지만 다른 장르에서 계속 봤으면 함  
블랙라이트,리암 형이 연로하신 나이에도 불구하고 나오셨다   이 또한 반갑지 아니한가  싸가지없는 것들이 늙었다고 대배우를 너무 괄세하네   니들은 안 늙냐 
블랙라이트,아     뭐지   리암옹의 영화가 갈수록 허술해지고있다   테이큰류 영화는 이젠 작별하시는게 어떨까요  찾아서 죽인다는 대사는 왜 나온것이야 짠하다     안보신분들 낚이지 마시고 거르라고  점 줍니다   액션은 작별하고 드라마로 가셔요 아님 심리 스릴러로 가던지  
블랙라이트,  
블랙라이트, 
블랙라이트,이제 보면서 안쓰러운 느낌마저 들지만 이것은 끊을 수 없는 마약 같은 느낌이랄까  
블랙라이트,초반 댓글   점들 너무 하네요  예전에 회사에서 단체로 영화 보러 간 적 있었는데 기획팀 직원이 댓글 평 보고 선정했다가 직원들한테 욕 바가지로 먹었음  대표가 영화 끝나고 나오면서 왜 이런 영화 선정했는지 모르겠다라고 고개를 절래절래 흔들었다  영화 보고 평이 궁금해서 들어와 봤는데 예전 생각 나서 처음 댓글 달아 봄 
블랙라이트,설마설마 하면서 끝까지 모두 봤다  정말 내 눈을 의심하지 않을수 없었다  이런 내용과 액션이 리암리슨의 영화가 맞는가 하고 말이다  딸바보 내용은 이제까지 항상 있어왔던 스토리라서 그려려니 했다  액션보고 깜짝 놀랐다  할아버지 장기둘 힘도 없어보이는 액션과 연출  하물며 카메라 흔들어서라도 액션을 하는척 이라도 하는 연출조차 힘든가   리암니슨 그동안 무슨일이 있었던걸까   이건 뭐      액션배우 인생 그냥 한방에 훅 가버렸다고 인증찍는 영화인 듯  정말 너무나도 실망스러웠다 
블랙라이트,생략
블랙라이트,니슨옹
블랙라이트,액션이 형편없고 스토리도 쳐지는 느낌
블랙라이트,이 영화     년 는  리암 니슨 님의  테이큰 시리즈 에 이은 또다른 헐리우드 블록버스터 액션 영화인데요   리암 니슨 의 사실상 국적은 영국인데  왜 오로지 아메리칸 국적만으로 될    와 관련된 역할을 또 하려는지는 모르겠지만  그래도 그 배우가 한없이 실감나고 재미있는 액션연기하는데 아무런 지장이 없어야 할텐데  이 영화의 스토리흐름상태와 더불어서 뭔가가 설정이 안 맞고 이상한 부분이 있어서 정말로 아쉽네요  
블랙라이트,매력 넘치는 할아브 액션이 아니라  은퇴할 시기를 한참 넘긴 노인들의 갑갑하고 느릿느릿한 액션과 서사랄까  리암형님 넘 좋아하지만  별 고민 없이 찍어낼거면 그만 찍어요 
블랙라이트,효과적
블랙라이트,좋은영화네요 너무 잘 봤습니다
블랙라이트,   의 비리를 밝힌다는  뻔한 스토리와 지루한 전개 급작스런 마무리 잠깐의 액션이 있으나 그것마저 별로 아이스로드가 훨 나앗네요  킬링타임이라도 될까 했지만 너무 아쉬운 영화입니다  주인공을 좋아해 삼점 드립니다
블랙라이트,막상 보면 별 거 없는데   나오면 또 보게 되는 리암 니슨 표 아재 액션  딸바보  권총 한 자루  리암 니슨   이 세 가지만 있으면 무한대로 만들 수 있음 
블랙라이트,스토리가 너무 엉성해 후훗
블랙라이트,오로지 자신만을 위해 괴물이 되버린    국장과 이를 저지하기 위한 리암니슨의 절제된 액션이 어우러져 꽤 볼만한 영화가 됐습니다  국장을 보면서 이건 꼭 남의나라 일만은 아니라는 생각이 듭니다 
블랙라이트,뻔하다  액션도 힘을 못쓴다 
블랙라이트,특색 없는 액션과 이야기
블랙라이트,뭐가 좀 일이 생기겠구나 했는데 바로 해피엔딩으로 허무하게 끝남  그나마 귀여운 아가때문에 별  개임
블랙라이트,늘  비슷한 패턴의 식상한 전개와 액션은 흥미롭지 못한다
블랙라이트,기대가 너무 컸다    
블랙라이트,   
블랙라이트,오프닝에 중국 배급사 나올때 쎄했다  그때 껐어야 했는데   리암니슨 필모에 거대한 오점으로 남을 영화
블랙라이트,별로다
블랙라이트,테이큰을 기대하고 갔는데   스토리 망  연출 망  리암 니슨이 아까운 영화   최선을 다해 연기했을 배우들에게 행운이 가라고 럭키세븐 점수 줌  
블랙라이트,지루하고 지루한  급 영화 킬링타임 영화로 보기에도 애매하다
블랙라이트,결말이 너무 밋밋해  다른 사람에게 보라고 추천하지는 못할 것 같다 
블랙라이트,충격적 망작    할배는 이제 쉬시지 왜 자꾸 액션을     
블랙라이트,리암 니슨 나오는 영화 다 재미있습니다
블랙라이트,미국 코인텔프로를 현대화 한거라던데 흥미로웠듬  
블랙라이트,기대이상으로 재밌음  액션뿐 아니라 시나리오 자체도 튼튼함 
블랙라이트,니슨 할아버지 이제 그만     점점 재미없어지네   
블랙라이트,기대않고 봤는데 재미있어요  진짜 열일하는 리암니슨   
블랙라이트,리암니슨 나온다고해서 봤는데 근래 영화들중에 젤 잼게 봤습니다 
블랙라이트,기대 없이 봤는데 잼났어요  아빠도 예매 해드리고싶네요   
블랙라이트,리암니슨   배신하지 않네요  
블랙라이트,개인적으로 리암 니슨 영화 중에 젤 좋았던 듯 적당히 무거운 내용과 몰입도 높이는 액션까지 최고였다
블랙라이트,적당한 긴장감이 있고 몰입하게 되네요  재밌게 봤어요 
블랙라이트,아직도 맨몸액션 쌉가능한 리암 니슨 형님이 대단할뿐
블랙라이트,리암 니슨은 이제 하나의 장르가 된 것 같다  
블랙라이트,킬링타임용으로 무난했으나 결말에 이르러 모든 문제가 일시에 해결되는 해피엔딩은 좀 당황스럽다 
블랙라이트,난 재밌   봄   
블랙라이트,리암니슨 액션 언제나 사랑혀  
블랙라이트,킬링 타임용으로 볼만함
블랙라이트,어니스트씨프 아이스로드 마크맨     그리고 오늘 블랙라이트까지   혹시나 하는 기대감에  봤지만 역시나 실망 안겨주는 리암 니슨 형님
블랙라이트,리암 니슨 옹 그래도 맨몸 격투부터 카체이씽까지 다채롭게 액션 펼치신 거에 대해  정말 꾸준하신 거에 리스펙합니다  진짜 액션 외길 액션 레전드 다하십셔
블랙라이트,킬링타임무비로 즐기기에 딱 좋은 영화  
블랙라이트,역시 리암 니슨이다 전개도 좋았고 액션도 좋았다 리암 니슨이 잘 하는 걸 이번에도 제대로 해낸다
블랙라이트,최근 리암니슨 영화들 중 제일 재미있었음 내용이 쫀쫀해요
블랙라이트,킬링타임 용으로 재밌었어요 리암 니슨 오래오래 연기해주세요   
블랙라이트,액션영환데 액션씬이 너무 없다  악당도 매력없다   전개도 어거지다  
블랙라이트, 
블랙라이트, 
블랙라이트,이렇게 재미 없을 수가    그냥 리암이기에 한 시간 봤는데 도저히 못 보겠음
블랙라이트,아이고  많이 늙으셨네요   마음이 아프지만 그래도 평점은 객관적이어야 하기에  스토리 전개와 액션이 너무 어설퍼요  이제는 액션영화보다는 잔잔한 장르로 가셔서 감동을 주시는게 더 잘 어울리실거 같으네요 
블랙라이트,식상한 느낌   이번 액션  스토리가 그동안의 영화에 차별점을 부여해주길 바랄 뿐 입니다 
블랙라이트,개망작 특     제작진 포스터에 무조건 있음
블랙라이트,리암형님 영화를 볼 수 있단 사실만으로도 감사 
블랙라이트,리암 니슨 아저씨도 이제 좀 식상한 느낌   
블랙라이트,가대됩니다
하늘의 푸르름을 아는 사람이여,신당에 고딩 신노가 나타날때 보고 아   판타지 애니구나  라고는 알았지만 후반부는 너무  차원적 이잖아  초반부의 아오이가 베이스기타 치는거 보고 뮤지션으로 성장하는 애니이겠거니   했디만 청춘성장이 아니고 성인성장 드라마네  나쁘진 않았지만 너무 허무하게 끝났다고 해야하나  그냥저냥했음 
하늘의 푸르름을 아는 사람이여, 
하늘의 푸르름을 아는 사람이여,봄을 막 맞이하는 이때에 잔잔히 보기 좋은 일본 애니  후반으로 갈수록 유치하고 뻔한 감성이 좀 심화되기는 하지만  일본 시골의 멋진 서정성과 새로운 느낌의 타임슬립이 나름 매력있는 성장물을 만들어간다 
하늘의 푸르름을 아는 사람이여,꿈도  사랑도  첫사랑의 아픔도 푸르른 저 하늘에   
하늘의 푸르름을 아는 사람이여,꿈과 사랑  현실과 추잡함 사이에서 갈등하는 젊은층의 고뇌를 그려냈다   불완전한 전개와 개연성  인물 구도를 미려한 작화와 주인공의 첨예한 감정 묘사로 극복해낸 작품이다  토라도라  아노하나 감독 답다  이것만으로도 충분히 볼 가치가 있는 작품이라고 생각한다   끼워맞추기식 해석일지도 모르겠지만  이 작품 자체가  완벽하지 않은  성질을 지님으로써 불완전성을 지니는 성장기의 풋풋함  그 애틋함의 잔상으로써 스크린에 비춰지는 것은 아닐까 하고 생각해본다 
하늘의 푸르름을 아는 사람이여,이따위걸 굳이 극장 상영해야하나  집구석에서도 안볼 만화
하늘의 푸르름을 아는 사람이여,그림도 음악도 좋았어요      
하늘의 푸르름을 아는 사람이여,작화 진짜 너무 이뻐서 마음에 들어요  진짜 요건 극장에서 볼만한 작품인듯
하늘의 푸르름을 아는 사람이여,어쩔  또 보러갈거임
하늘의 푸르름을 아는 사람이여,드디어 개봉 하나요    엄청 기대하고 있어요  개봉 하자마자 보러갈꺼심 
하늘의 푸르름을 아는 사람이여,포스터 넘 예쁘다   감독 전작들 재밌게 봐서 이것도 꼭 봐야겠음 
하늘의 푸르름을 아는 사람이여,엇 드뎌 개봉하나봐요  극장에서 보고 싶었는데  감독 전작도 재미있게 봤는데 기대 되네요  아이묭 음악도 완전 좋구  얼릉 개봉날이 오길
하늘의 푸르름을 아는 사람이여, 우리의 하늘은 언제나 푸르를 테니까  카피가 심장을 두근거리게 하네요 
하늘의 푸르름을 아는 사람이여,본 사람만이 아는 영화  밴드 꿈  그 모든 것이 푸르렀던 그 시절 
하늘의 푸르름을 아는 사람이여,작화 넘예    벌써부터 기다리는중
하늘의 푸르름을 아는 사람이여,하늘의 푸르름을 아는 멋진 사람들의 인생 이야기   진심으로 기대되는 한국 영화 
하늘의 푸르름을 아는 사람이여,국뽕을 정신병이라고 무조건적으로 폄하를 하는 놈은 치료할 길이 없는 진짜 정신병이지     
하늘의 푸르름을 아는 사람이여,초반은 좋았는데 중반은 상당히 루즈합니다  다 아는 이야기를 구태여 길게 늘여서 보여준다는 느낌  인물 간의 서사도   후반가면 난잡해지는 감이 있어요  인물이 적은데도 극을 잘 끌어가질 못해요  특히 후반부에 좀 과한 연출이 있어서 어이가 없었네요  다만 엔딩은   그나마 괜찮습니다 
하늘의 푸르름을 아는 사람이여,자기가 자기를 본다는게 내가 만약 그런 상황이면 나는 내 과거를 어떻게 볼것이고 내 미래를 어떻게 평가할 것인가  
하늘의 푸르름을 아는 사람이여,국뽕은  정신병
하늘의 푸르름을 아는 사람이여,어른이 되어 느끼는 현실                이라서 좋았음  끝까지 봐야   
하늘의 푸르름을 아는 사람이여,뭐시 쪽바리 시끄러운 감정들 다빼고   그냥 잔잔히 재미있게 볼수있었지 않냐    
하늘의 푸르름을 아는 사람이여,군함도 유네스코 등제  강제노역 설명뺀거 어쩔거냐  이 애니에서도 시민들에 소중한 세금을 접대비로 탕진하는 믿을수없는 일본 공무원들을 보여준다 
하늘의 푸르름을 아는 사람이여,주제가 음악만 좋다    
하늘의 푸르름을 아는 사람이여,사람도 사랑도 변하기 마련이지
하늘의 푸르름을 아는 사람이여,진짜 재밌게 봤습니다 노래도 진짜 좋고
벨파스트,완장 찬 폭력배 일뿐    그리고 하이눈
벨파스트,정치와 종교를 걷어내고 역시 케네스 브레너 명불허전
벨파스트,결국 떠나가지만 돌아갈 고향이 있다는 것 
벨파스트,사실적 연출
벨파스트,사람마다 성격이나 자라 온 환경이 다르듯 종교도 다양성을 인정해야 하는건데    갑갑하다 
벨파스트,그때당시의 사람들이 감정들을 잘표현한것같고 흑백이어서     년대의 배경을 잘표한것같다 
벨파스트,흑백이 갈리는 이분법적 세상에서 아이의 눈으로 훌륭한 부모를 기억한다  지방 소멸시기의 우리에게도 충분히 시사점이 있는 이야기  유년기의 마음을 지키려는 투쟁이 아름답다
벨파스트,영화를 사랑하며 벨파스트의 골목이 전부였던  살 소년 버디의 혼란스러운 가족 성장통    불안하면서도 한 편으론 아름다웠던 당신의 유년 시절    생동감 넘치던 흑백 영상미가 돋보이던    
벨파스트,  
벨파스트, 
벨파스트,종교로 인한 갈등이 아니더라도  어느 나라  어느 시기에서나 일어날 수 있는 사회적 갈등에 의해 개인과 가족의 삶이 어떤 영향을 받는지를 잘 표현한 영화입니다   어디나 있는 자기만이 진실이라고 믿는 극단주의자들   북아일랜드의 수도 벨파스트는 정열적이고 친절한 사람들이 사는 정말 작고 아름다운 도시였건만  이런일이 있었던 줄은 몰랐네요 
벨파스트,나는 영화에서 나오는 이유 같은 것으로 종교에 반댈세 
벨파스트,영상이 좋고  따뜻한 장면들도 있었으나   상당히 작위적인 연출이 거슬리고  많이 지루함 
벨파스트,볼만함
벨파스트,벨파스트에 있었던 종교갈등을 멋진화면으로 담아냈지만 전 좀 지루했습니다 
벨파스트,재미 없음
벨파스트,마음 한켠에 품은 그리움과 혼돈의 역사
벨파스트,감독 출생지 보고 설마 했는데 나이도 딱맞고 역시나 본인 이야기였네요 영화를 좋아하던 주인공 꼬마아이 멋지게 성장했군요 흑백으로 만들었지만 본인에겐 컬러로 남았을 그시절들 진심이 담긴 영화 잘봤습니다
벨파스트,전혀 관심 없던 북아일랜드 어느 작은 마을 벨파스트 이야기를 이렇게 담백하게 감상한 건 나름 잘 만들었다는 느낌이 드네  종교는 만악의 근원임을 다시 확인하게 되었다  
벨파스트,유년의 시선으론 전혀 납득이 안가는 종교 문제 아니었을까
벨파스트,가족간의 사랑이  진한 감동을  남기는  잔잔하고 따뜻한 영화   흑백필름과  아름다운 음악이 어울려져  옛 향수와 감성을  자극하네요      감독이  어린 시절을 보낸   자전적 이야기라   영화  곳곳에 감독의  애정어린 시선이 느껴집니다   오랜만에 진 한 여운을 남긴  좋은 영화입니다 
벨파스트,온 세상을 품었던 내 유년의 거리
벨파스트,눈물이 가득한 눈동자 위로 흐르는 경쾌한 음악이 오히려 사람의 마음을 아프게 한다 
벨파스트,종교 다툼이 극에 달한 벨파스트 안에서  가족과 함께 살아가고 좋아하는 친구와 짝을 이루기 위해 힘쓰는 한 소년의 따뜻한 시선   시네마천국 이 연상되는 매력적인 흑백영화  고향을 그리게 하는 아련함이 있다  당시 역사를 좀 알면 더욱 몰입해서 볼 수 있었을 듯 
벨파스트,이제는 영화처럼 기억되는 나의 고향  나의 유년시절
벨파스트,한 컷 한 컷 이 예술인 화면 어려운 현실 상황에도 아름다운 사람들의 마음 더불어 그래서 아름 다왔던 영화 
벨파스트,북아일랜드 벨파스트 어느골목길이라는 한정된 공간 연극무대장치 같은 극적인 효과는 전혀 없고 오히려 협소함과 내용의 빈약함만 부각  그리고 불만인게 노래 팝송 를 왜 그렇게 틀어되는지  막내 버디도 너무 말이 많고 똘똘해서 순수함이 감퇴  메시지 감동이라는 좋은 의도를 가지고 출발했으나 의식만 있고 정작 예술적 감동은 없는 전형적인 영화의 하나  흑백 설정 포스터에 역사적인 배경이라 기대했는데 실망임 
벨파스트,흑백의 세상에서도 찬란한 희망을 잃지 않았던 이유는 내가 자라던 골목에서 함께 뛰놀던 아이들  우리를 돌보던 어른들 그리고 꿈꿀 수 있게 해주던 영화였다 
벨파스트,아버지의 이름으로  블러디 선데이  원스     아일랜드 영화라는 것으로 벌써 설렌다
벨파스트,당시 영국의 시대적 배경이나 종교 및 지역 문제 등을 알아야 제대로 이해하고 감상할 수 있을 듯한데  그렇지 않은 나는 그저 관람만 할 뿐   
벨파스트,아일랜드라는 나라  그리고 이 가족    짠하고 마음 아프다  한국처럼   훌륭한 연출도 좋다 
벨파스트,종교분쟁은 모르더라도 분위기만으로도 충분하다  케네스 브래너 감독은 언제나  극호
벨파스트, 
벨파스트,끈끈한 가족과 이웃애를 함께한 북아일랜드 도시 벨파스트 그 주민들에게 닥친 종교분쟁의 내전 파고로 머뭄과 떠남의 먹먹한 정서를 목격한다 
벨파스트,개인적으로 기대하고 있는 작품  케네스브레너의 따뜻한 연출 넘 궁금하다
벨파스트,클레어와 그레이의 조합이라니 말모  무조건 본다
벨파스트,계급 갈등으로 인한  파괴된 세계의 질서   절대 왕정 시대의 본 모습    진심으로 기대되는 시대극 
메리 미,현실엔 없을 것 같은 이야기이지만 이질적인 두 존재의 성숙한 만남들이 좋았고  클리셰지만 기분 좋아지는 흐름도 좋네요  제니퍼 로페즈의 노래는 넘나 굿 
메리 미,재밌어요
메리 미,굿
메리 미,너무 뻔하지만 오웬 월슨 눈빛은 어쩜 여전히 이리도 따뜻한지 
메리 미,제니퍼로페즈랑 말루마 예쁘고 멋지네요  특히 그들이 노래 부르는 게 꽤 나오는데 진짜 다 좋아요 
메리 미,매력이있는 영화
메리 미,제니퍼로페즈의 동화같고 선한 긴 긴  로맨스 뮤직비디오
메리 미,  대 시절 우상이었는데 내가   대가 되었음에도 제니퍼로페즌 세월 비켜갔네  내용은 진부합니다   제니퍼로페즈 팬이라면 볼만 합니다 
메리 미,유치의 극치
메리 미,말루마 너무 멋있어요  
메리 미,여배우 왤케 노래 잘하나 했더니 제니퍼 로페즈였네   내가 알고있던 얼굴이 아니구만
메리 미,아주   너무나 흔한 이야기   
메리 미,    년판노팅힐이지만 노팅힐만은 못해도 볼만은하다
메리 미, 
메리 미,사랑을 믿는 사람들만 보세요  불가능할 것 같은 일들도 현실이 되게 만들어버리는 힘을 믿는 사람들만
메리 미,너무나 비현실적인 스토리   한심하네
메리 미,특별한 맛은 없다 이것저것    가  들어있어  현실성 없는 이야기지만 그럴듯한  양념으로 봐줄만한 영화   제이로의 음색과 노래실력이 후덜덜
메리 미,생략
메리 미,   
메리 미,스타와일반인의만남   영화 노팅힐 과 비교안할수가없다   로페즈와 오웬월슨의 노력에    점은준다     영화에 자주나오는  휴대폰   촬영기법       암튼    세대들은  좋아하려나      
메리 미,기본은 하는 익숙한 맛
메리 미,뜻밖에 청혼곡  메리 미  주인공이 되고  어색한 관계의 합리화를 협조하다가  진정성있는 연인사이로 거듭나는 로코   
메리 미,제니퍼 로페즈의 로페즈에 의한 로페즈를 위한 영화인데      년생 로페즈가 극중 나이   세라니    어이가 없네   
메리 미, 
메리 미,기대됩니다
메리 미,현실에 없을 이야기라 따뜻해지는
메리 미,선결혼 후연애   슈퍼스타   슈퍼노멀 커플 탄생    연예인과  슈퍼유튜버의 만남을 그린 멋진 연예 영화 
우리가 사랑이라고 믿는 것,아네트베닝은 나이가 들었는대도 왜 이리 사랑스러운지
우리가 사랑이라고 믿는 것,최고입니다  웃기기도 하고 
우리가 사랑이라고 믿는 것,가족으로 묶여 있다는 사실 
우리가 사랑이라고 믿는 것,많은  생각을  하게 하는  인상깊은  영화   잘 보았습니다
우리가 사랑이라고 믿는 것,나르시시스트는 결국 사람들이 다 떠나게 되어 있다  주변에 아무도 남지 않게 되지 
우리가 사랑이라고 믿는 것,어짜피 모든사람들이 행복할수는 없다 세명이 불행했는데 이제는 한명만 불행한것같네요 그렇다면 불행한 한명은 자신의 행복을 다시 추구하면된다 세상은 넓고 사람은 많다 
우리가 사랑이라고 믿는 것,영화를 보고  대사를 구해 읽어보고 싶어졌다    평범하면서도 깊이가 있는 영화 
우리가 사랑이라고 믿는 것,잠시 나마 개 돼지들이 득실거리는 현실을 잊게해 준 영화
우리가 사랑이라고 믿는 것,결혼이란  사랑과  믿음을  바탕으로  서로의  차이를  존중하며  맞추어  가는  과정
우리가 사랑이라고 믿는 것,사랑을 줄때는 내가 주고싶은 방식으로 주는게 아니라 상대방이 원하는 방식으로 주는것이며 사랑을 받을때는 사랑을 주는 상대방의 방식을 이해하려 최대한 노력해야함을 새삼 깨닫게 해주는 영화
우리가 사랑이라고 믿는 것, 
우리가 사랑이라고 믿는 것,사랑을 확인해야만 하는 것이라면 그건 사랑이 아니다  사랑은 그저 말없이 바라만 봐도 행복한 것이다 
우리가 사랑이라고 믿는 것,아들과 함께 보고 울었습니다  나오는 인물 모두 다 이해가 되는 전개라는 게 기가 막힘 
우리가 사랑이라고 믿는 것,좋아요  배우들 연기도 풍경도 시와언급되는 대사들도  절제력도 파워도 호소도 나약함도 함께 보입니다
우리가 사랑이라고 믿는 것,나만 재밋게 본게 아니군   
우리가 사랑이라고 믿는 것,결혼생활  년    졸혼하고픈것이  상대잘못만이 아닌걸 가르쳐준 영화네요 큰아이에게 미안하고
우리가 사랑이라고 믿는 것,사랑이 식은 것은 아니다  그저 결혼이라는 제도가 식은 것일 뿐  맞지 않음을 이어가는 것의 어려움  그리고 변화를 어떻게 받아들여야 할지 다룬다  개인의 죽음보다 결혼의 죽음이 더 슬픈 이유는 상대방이란 존재가 있기 때문인 듯 
우리가 사랑이라고 믿는 것,제목 부터가 심상치 않았던 웰메이드 드라마  마치 내 이야기 같기도 해서 눈물이 났지만  보고나서 마음이 무겁거나 찝찝하지는 않은 이야기
우리가 사랑이라고 믿는 것,괜찮은 척하지만  사실은 피하고 싶을 뿐이겠지 도서관가서 예이츠의 시도 찾아 읽어야겠다
우리가 사랑이라고 믿는 것,이상하게 아네트 베닝의 발음은 늘 거슬린다  본토인으로 좋은 발음인지 아닌지는 모르겠지만  결혼은 도박이다   잃을 수도 소액을 딸 수도 거액을 딸 수도  본전일 수도 있는   어느정도 개인의 삶을 제물로 내놓아야한다   특히나 둘이 만난 상황이 감정적으로 평온할때 만난 것이 아니라 극적인 상황에서 만났기 때문에 서로의 본 모습을 보지 못한 것이 불화의 큰 이유라 생각되어짐  생각을 많이 하게 되는 영화  서로 에너지가 다른 것을 어쩔 것인가 
우리가 사랑이라고 믿는 것,여러 생각이 나게 하고  풍경이 짱 좋아요  꼭 한번 가보고 싶어요 
우리가 사랑이라고 믿는 것, 
우리가 사랑이라고 믿는 것,배우자의 변심으로 일어나는 상황을  해변가의 수려한 풍광과 관련 시도 감상하면서  이모저모를 사유하게 한다 
우리가 사랑이라고 믿는 것,아름다운 풍광과 아네트베닝의 연기가 인상깊었다
우리가 사랑이라고 믿는 것,배우들 연기에 빠지고   영상미에 반함   가족 간의 이야기이기도 하지만  진정한 행복이 무엇인지  스스로를 되돌아보게 보는 하는 영화에요 
우리가 사랑이라고 믿는 것,아네트 베닝과 빌 나이 조합 너무 기대됨  
우리가 사랑이라고 믿는 것,믿고보는 배우들의 믿고보는 조합 
우리가 사랑이라고 믿는 것,이 가족이 이런 저런 문제들을 어떻게 풀어갈지가 궁금하네요  기대되요 
우리가 사랑이라고 믿는 것,이거 예전에 토론토에 있을 때 영화제에서 봤었는데 되게 좋았던 기억  그때 아네트 베닝 무대인사도 왔었는데  연기도 잘했지만 사람도 엄청 멋졌음  한국 포스터가 훨씬 낫네
우리가 사랑이라고 믿는 것,원조 믿보배 아네트 베닝 영화라니   영화 내 풍광도 기대된다
우리가 사랑이라고 믿는 것,영화의 제목부터 아네트 베닝 주연까지  개봉이 기대되는 영화에요 
우리가 사랑이라고 믿는 것,시간과 사랑은 비례하지 않을 수도 있다는 것
우리가 사랑이라고 믿는 것,아네트 베닝이랑 빌 나이 조합이라면 믿고 본다  뭔가 여운이 길게 남을 영화가될듯
우리가 사랑이라고 믿는 것,사랑하는 모든 것을 믿는  절대적인 희생    그 속에서 피어나는  절대적 꿈 
배니싱: 미제사건,       
배니싱: 미제사건,허접영화에 영화설명은 왜 이리 길어  쥐꼬리  
배니싱: 미제사건,이건 뭐   야     
배니싱: 미제사건,제작비 시간 아낄려고 들고 찍고    
배니싱: 미제사건,조연들 리허설도 안 하고 연기시킨듯  음악은 구려도 너무 구리다     년대 영화에나 나올법한 후져빠진 음악으로 긴장감 잡으려한 건 머임    세기  한국영화에 똥칠한 망작  어지간하면 로그인 안하는데 보다말고 로그인해 분함을 토합니다  왕짜증 납니다  감독도 배우도 제작자도 생각좀 하시고 반성하시고 깨우치세요 
배니싱: 미제사건,영화가 아니고 차라리 드라마의 한 꼭지였다면 이렇게 평이 나쁘진 않았지싶다  소재는 그렇다쳐도 전개가 너무 뻔하게 흘러가고 결말도 허무  이 무슨      
배니싱: 미제사건,감독이 돈이 많은가보다 외국 배우기용할 돈이나 낭비말고 제대로 만들어야지 참 내 별 거지 가튼 영화
배니싱: 미제사건,올가쿠릴렌코와 유연석이라는 카드가  이렇게 소비될줄 누가 알았을까  특징없는 프랑스 연출가와 카메라 감독으로 한국 배우 조합은 누가봐도 무리수가 아니였나 싶다  차라리 두 주연배우의 국경을 넘은 로맨스나 하다 못해 올가 쿠릴렌코의 한국여행기가  훨씬 높은 평가를 받지 않았을까 싶다  화가날 정도로 아쉬운 작품이다 
배니싱: 미제사건,이렇게 심각한 영화를 이렇게 싱겁게 만들다니 올가 쿠릴렌코  흑역사로 남겠구나
배니싱: 미제사건,망작은 도입부터 느낌이 온다 
배니싱: 미제사건,생략
배니싱: 미제사건,같이 죽는거다
배니싱: 미제사건,영화의 짜임세가 너무 없다  사건들의 개연성도 떨어지고
배니싱: 미제사건, 
배니싱: 미제사건,볼라고 다운받았는데  평점이 드럽네
배니싱: 미제사건,요즘 우리 나라에서 이런 일이 가능하다  그래서 영화가 실감나게 느껴진다 
배니싱: 미제사건,정말 저배우들 데리고 이딴 영화 밖에 못만드는것도 재주냐   욕나온다 프랑스 여자는 왜 데리고 온거야  같잖은 프랑스어 배우면  애도 어른이고 있어 보이냐
배니싱: 미제사건,장기 밀매를 다룬 범죄 영화 
배니싱: 미제사건,긴장감 없는 스릴러에 뜬금없는 로맨스 끼얹기
배니싱: 미제사건,안씨라는 성씨를 가진 안연석 유연석 의 연기가 좋았습니다
배니싱: 미제사건,  
배니싱: 미제사건,영화를  보고나니   흥행에실패한이유를  알겠네요   내수용이아닌  수출용영화인가요       외국에서흥행할찌는  글쎄       개인적으로  장기밀매에관한영화는   임창정주연의   공모자들 이라는 영화가  훨신좋아요     
배니싱: 미제사건,잼없음
배니싱: 미제사건,감독이 누구야  시간이 아깝다  
배니싱: 미제사건,진짜지루하다  
배니싱: 미제사건, 
배니싱: 미제사건,그 좋은 배우들 데리고   불어를 배우라니        주제가 불어를 배우라고         밑밥이 너무 많은데 해결된게 하나도 없어     
배니싱: 미제사건,처참한 한불 합작의 결과물
배니싱: 미제사건,전반적으로 프랑스 영화 특유의 어둡고 쓸쓸한 분위기가 흐르는 가운데 후반으로 갈수록 긴장감 고조  스토리는 한물간 장기밀매 내용이라 한국 관객에겐 좀 식상  유연석과 올가의 러브라인이 약해서 더 아쉬움 
배니싱: 미제사건,비슷한 줄거리지만 공모자들이 훨씬 재밌음 한국영화인줄 알았는데    외국감독이네요  장르가 로맨스인가요 스릴러인가요 안타까울따름
배니싱: 미제사건,뭘 하려고 한건지 물과기름처럼 다 따로 노는 느낌   스토리도 액션이나 스릴러 개연성도 아무리 좋게 보려고 해도 봐줄수가 없다  그저 배우들만 불쌍할뿐    왜 이런 영화에 출연을       
배니싱: 미제사건,형사물  스릴러  드라마  추리물  장르마저 딱 꼽기 애매하다고 생각될만큼 심심하고 붕 떠있다  때깔이나 모양은 볶음밥인데   별 향도 안나고 간도 닝닝해서 무슨맛인지 모르겠는 음식을 먹은 느낌  
배니싱: 미제사건,사건을 전체 상영시간에    를 잡아놓고    만으로  대충 해결하는  급영화지만   조선족     실체를 고발하는 영화라서 별  개 줍니다
배니싱: 미제사건,극적 긴장감이나 몰입도가 전혀 없다  만들다 제작비가 끊겼나  급하게 마무리 한 느낌 
배니싱: 미제사건,본드걸을 캐스팅해서 필모를 망쳐 놓았네 
배니싱: 미제사건,스토리라인  줄거리 자체는 좋은데 영화 진행에 긴장감이 너무 없어요 영화 초반 누가 범인인지  범인과 주요인물들과의 관계를 다 보여주니 그런듯 영화연출이 많이 아쉽네요
배니싱: 미제사건,영화를 만들다 말았네   극장에서 안보길 잘했네   
배니싱: 미제사건,얼마나 재미없으면   토렌트로 올라왔냐   에휴  
배니싱: 미제사건,빠른 전개는 좋다   그러나 많이  미흡하다
배니싱: 미제사건,프랑스 영화 스타일이 한국에 접목된 느낌은 새롭다  충분히 매력적인 요소들이 있는데  스토리텔링이 너무 조잡해서 다 말아먹은 느낌  이해 되지 않는 감정선  여러모로 아쉽네 
배니싱: 미제사건,프랑스 예술영화도 아니고 한국      상업영화도 아니고 연출 편집 음악 사운드  모든것이 엉망인 총체적 난국
배니싱: 미제사건,감독 사과하세요
배니싱: 미제사건,브금 혼자 열일하는데   그 브금도 따로 놈 
배니싱: 미제사건,재밌다
배니싱: 미제사건,  년대 졸작영화같다
배니싱: 미제사건,영화보는데 쓰는 돈은 아깝지 않은데  이 영화는 시간도 돈도 아까웠음
배니싱: 미제사건,초중반 까지 사운드로 오는 긴장감은 있었으나 극의 흐름이 흐를수록 연출의 힘은 잃어 가고 허술 해진다
배니싱: 미제사건, 
배니싱: 미제사건,스릴러 느낌이 강한 예고편과는 영화가 확실히 달랐지만 영화 자체만으로는 예술영화 느낌이 있어서 개인적으론 재밌게 봤다 
배니싱: 미제사건,이렇게나 대충 만들다니    배우들이 아깝다 
배니싱: 미제사건, 점 못주는게 한이다    호구 되기 싫으면 보지 마세요
배니싱: 미제사건,이걸영화라고 만들었나  이런영화때문에 한국영화가 욕먹는거다  줄거리도 내용도 허접  잘만 다듬고 신경썼으면 좋은 줄거리인데 감독이 망쳐놨다  하기싫은걸 억지로 한것처럼  장기매매범 잡으러 가는데 꼴랑  명이    아무리허접이라도  심장떼어내는데 의사혼자  외국여자한명 데려다놓고 예고편은 거창하게      이래서 무명이 출연하는 허접은 안봐야 하는건데   
배니싱: 미제사건,쓰레기영화입니다  아주 구려요
배니싱: 미제사건,신원 미상의 시체 발견   대한민국이 발칵 뒤집혔다   살인마를 찾기위한 한 경찰관의 인생 이야기 
배니싱: 미제사건,부국제 가서 보게 됐는데요  한프합작인만큼 굉장히 연출과 음악이 독특한 느낌이 있습니다  한국인 정서에는 살짝 어색 할 수도 있는 것 같아요    분 러닝타임이 적절했고  스토리는 좀 한국식인 느낌이 없지않아 있네요  궁금하신 분들은 한번 보시면 좋을 것 같아요 
배니싱: 미제사건,뮤지컬 배우  김우형  마이클 리가 나옵니다 
배니싱: 미제사건,스릴러와 로맨스가 따로 노는 느낌  비벼지지 않은 비빔밥을 먹는 느낌 
배니싱: 미제사건,장르를 가리지않고 연기하는 진정한 배우 유연석  이번에는 프랑스영화라니   더욱 기대된다  
배니싱: 미제사건,전염병으로 세계가 난리인 상황에서 자국 영화는 자기 국가에서 찍읍시다 여배우 코로나 확진 받았었다는데    
배니싱: 미제사건,믿고 보는 배우 유연석
킹 리차드,조은영화 노력과 인내를 겸비한 천재성을 지닌 자매  그러나 특별한 재미는 없다 리차드의 집착은 착한 자녀들이있어서 성공햇던것같고 너무 일방적이고 단정적인 아빠의 사고가 별 공감은 주지 않는건 갠적인 감정일지도   암튼 조은 영화는 맞지만 뚜렷한 포인트제로
킹 리차드,테니스 천재 윌리엄스 자매를 키워낸 아버지의 자전적 이야기  개인 스포츠인 싱글 테니스를 마치 아버지와 함께 뛰는 복식 스포츠인 것처럼 느껴지게 푼다  왼손잡이였던 비너스 역의 사니야 시드니는 비너스 스타일과 오른손잡이 테니스를 익혀야만 했다는데 꽤 잘하더라는  아카데미  개 부문 노미네이트된 작품이라기엔 믿기 힘들 정도로 뻔한 가족 스포츠물  운동선수에겐 실력만큼이나 따라 붙는 부모의 헌신적 서포트와 스파르타식 강압적 교육  보상심리  인정욕구에 대해서는 다시 생각해 봐야  극심한 스포츠계의 바짓바람은 이런 식으로 긍정되어야 할 것이 아니다  비너스와 세레나의 결과가 좋다고 그들이 행복한 유년시절을 보낸 것인가  아버지의 바짓바람이 올바른 자녀교육으로 치장되거나 옹호될 수 있을까   아카데미 시상식에서 윌
킹 리차드,가정교육은 정말 중요하다는것  아버지의신념이 너무나 감동적임
킹 리차드,위대한 아버지  이야기 방식은 평범
킹 리차드,윌리엄스자매가 압도적인 실력으로 여자 테니스계를 장기 집권할 때 그들을 좋게 보지 않았었는데   그건 인종적 편견과 질투심이었던 것 같다   이영화를 통해 인종적 편견   특히 블랙아메리칸들에 대한 편견을 지울 수 있었다  
킹 리차드,테니스 여제 윌리엄스 자매에 관한 스토리를 따뜻하게 그려냈다
킹 리차드,볼만하다
킹 리차드,생략
킹 리차드, 
킹 리차드,  사상에 오염되고  집에선 가스라이팅 당한 윌스미스는 모순적인 위선자가 다 되었다 
킹 리차드,아버지의 철저한 계획과 삶을 제대로 보는 관점이 두 자매를 만들었네요  정말 감명깊게 봤습니다  특히 윌스미스의 연기가 아카데미남우를 탔을 정도로 좋아요 
킹 리차드,위대한 선수는 혼자 만들어지는게 아니다  마지막 실제 영상보니 싱크로율 장난 아니네    테니스 문외한이 봐도 재미   감동 있음 
킹 리차드,고집스럽지만 올바른 자녀 교육으로 만들어 낸 최강의 테니스 자매 세계  위 비너스 윌리엄스와 위대한 테니스 스타 세레나 윌리엄스
킹 리차드,아버지의 뜨거운 사랑과 흑인의 자존감을 보여준 영화 윌 스미스의 열연이 가슴을 울린다 두 자매와 가족에 대한 사랑이 고스란히 전해진다 눈물이 아깝지 않은 명작
킹 리차드, 
킹 리차드,전설을  명이나 키워 낸 이에 대한 이야기  실화 바탕에 감동적인 성공 스토리는 기본 이상의 재미를 보장하지만  영화 자체는 전체적으로 뻔하고 무난한 듯하다 
킹 리차드,실화  그런대로 볼 만 함  평점    
킹 리차드,얼핏보면 학대이나 깊이 들여다보면 부모님의 사랑 윌스미스의 연기  
킹 리차드,아카데미가 좋아할 소재지만 흑인성공스토리가 가로 막는군
킹 리차드,   
킹 리차드,단순한 승리보다 인종차별과 유혹 속에서도 가족  인내  교육을 중시한 부성애 철학이 인상적인 스포츠 스타 탄생기  
킹 리차드,인성이 이렇게 중요하다 
킹 리차드,아버지이자 코치 그리고 전략전술가이자 비지니스맨  무엇보다 가족과 교육을 소홀히 여기지 않았기에 윌리엄스 자매는 끝까지 아버지를 믿고 따른다     
킹 리차드,난 얘네들 금수저 인줄알았는데 엄청난 노력의 결과 였구나   역시나 인성이 중요하단걸 깨닫게 해준 영화
킹 리차드, 시간 반을 시간 가는 줄 모르고 봤습니다   부모의 역할이 이렇게 크다는 걸 다시 한번 느꼈음
킹 리차드,  
킹 리차드,세계 최강 테니스 제왕 윌리엄스 자매 실화  신화를 이끈 진정한 챔피언   테니스 자매인 윌리엄스가 만드는 멋진 인생 이야기 
킹 리차드,최고 
킹 리차드,윌스미스빼고 싱크로 작살
킹 리차드,지루하지 않게 재미나게 본 영화 
킹 리차드,테니스계 최초의 자매이자 아프리카계 미국인 비너스 세레나 윌리엄스 선수가 탄생하기까지 아버지 리처드의 영향력을 엿볼수 있는 영화  윌 스미스가 오스카 남우주연상 타겠다  연기 쩔어      베네딕트 컴버배치가 타길 바라지만 약해보임    가슴을 때리는 멋진 대사들도 좋았다 
킹 리차드,비너스와 세레나 윌리엄스의 성공은 부모의 헌신 없이는 이루기 힘들었을 듯  자식들을 바르게 키우고 재능을 알아보고 키워준 부모의 사랑은 눈물겹다 
킹 리차드,위대한 선수 뒤의 아버지
에펠,거대한 높은 탑은 인간 욕망을 투영한다  전솔 속 바벨탑처럼    세기 말 그 당시 기술로      높이의 탑을 만들어낸 에필의 집념과 어우러져 가슴 아픈 사랑  이별 이야기를 잘 버무렸다  에펠 탑의 준공식 마지막 장면에서 서로를 쳐다보며 눈물 짖는 두 애인이 에펠탑  센강을 배경으로 기억에 남을 인상적인 화면을 연출했다  프랑스 영화 중 참 찰진 영화이기도 하고  프랑스 여행 갈 사람들은 꼭 보고 가면 좋을 영화  아는 만큼 보인다  
에펠,   
에펠,시간 남는 분들 보세요 
에펠,생략
에펠,어설픈 서사로 과도한 의미부여
에펠,    
에펠,우뚝솟은 위용만큼이나   대역사의 우여곡절 난관 극복과정과 탑 자체에 서려있는 에펠 건축가의 아드리엔과의 연정이 인상깊다  
에펠, 
에펠,시사회 직접 초대되어 보고 왔는데   아 영화는   세기 후반 시대극   건축 이야기라 진짜 재미있게 봤는데   이게 코로롱 시국에 프랑스 영화라는 패널티가 사람들을 많이 모을지는 의문이네요  내가 재미있다고 모두가 재미있는건 아니라서  
에펠,파리의 상징인 에펠  탑의 생성과 그 당시의 프랑스 모습을 볼수 있는 잔잔한 영화라 생각 됩니다 
에펠,오랜만에 정말 재미있게본 영화입니다  보는 내내 나도 저런 사랑 한번 해보고 싶다고 생각하게 만드는 영화네요 오랜시간이 지나도 변치않는                    
에펠,에펠탑의 다른 면의 내용을 볼 수 있어서 좋았습니다   프랑스 영화의 분위기를 느낄 수 있어서 잔잔하게 잘 봤습니다
에펠,모든 처음이 제일 힘들다
에펠,헐리웃 영화처럼 화려한 스킬은 없지만 에펠의 인생과 사랑을 프랑스 감성으로 잘 풀어낸 영화 오랜만에 잔잔한 감동 느껴 보았네요 
에펠,에펠의 생애를 조금이나라 들여다 볼수 있을꺼 같아서 기대 되는 작품입니다 
에펠,에마매키 역시 내사랑 대존예      세기 프랑스 파리 보는 맛도 나고 에펠탑 뒤에 숨겨진 세기의 로맨스  구스타브 에펠 실화도 흥미진진하게 긴장감 넘치게 잘봤습니다 오랜만에 로맨스 드라마 보고싶은 분들께 강추합니다  아름다운 영상미와 믿고보는 웰메이드 스토리에 듣기좋은 불어까지    
에펠,간만에 보는 대작 로맨스    에펠타워 가볼 수 없으니 영화로라도 봐야지 
에펠,전세계가 몰랐던 에펠의 또 다른 이야기  불멸의 탑을 완성한 에펠의 고뇌와 사랑   프랑스 에펠탑에서 벌어지는 한 연인의 그리운 사랑 
레벤느망,봉준호가 극찬한 영화 
레벤느망,모든 사람이 한번은 봐야 하는 영화  가장 개인적인 이야기지만 가장 세계적인 주제와 만나있다  몇 장면은 공포영화에 버금갈 정도로 보기 힘들다 
레벤느망,그시절  의 주인공이었던 안에게 삶이 얼머너 고통스럽고 힘들엇을까  그시절 우리듣 저렇게 자랏다 저렇게 교육을 받앗다 미혼모나 혼자 아이를 키우는 여자를 영웅시하는것같은 요즘의 여자들은 저 고통을 절대 이해못할것  성의 지나찬 개방과 미혼모들의 지나치니만큼 과한 정당성   뭔가 가슴시린 영화
레벤느망,한 여자의 원치않았던 임신과 불법 낙태를 해야만 하는 현실을 매우 리얼하게 표현해냈다  
레벤느망,가장 개인적인 것이 가장 정치적임을 보여주는 영화 
레벤느망,주인공의 뒷모습을 계속 따라가는 쵤영기법  뒤통수만 봐도 주인공이 얼마나 힘들고 고통스럽고 고민에 빠져있는지 알 것 같아 더 괴롭다   
레벤느망,낙태합법화를 갈망하면서      약자에 대한 도움을 요청하면서 정작 본인은 아무런 미안함이나 책임의식 없이 태아를 변기에 익사시킨다 
레벤느망,무조건 보는거 추천 
레벤느망,여중 여고 여대생들이 필히 관람했으면 하는영화   미혼여성들 여학생들 꼭봐야한다   그리고 남자친구 생기고 애인 생기고하면 남자들한테 꼭 피임 잘하라해라 괜히 고생하지말구  성교육 영화로 여중 여고 여대에서 필히 관람시청하게하라
레벤느망,혼전 임신과 낙태로 인해 여자가 겪을 수 있는 끔찍한 현실호러  배우의 연기도 탁월함 
레벤느망,잘 표현했다   고통스러운 장면이 고스란히 느껴질 정도다 
레벤느망,생략
레벤느망,생각지도 않은 임신을 했을 때 느껴지는 막막함과 공포가 생생하게 느껴지는 영화  주연 아나마리아의 연기가 최고였습니다  앞으로가 기대되는 배우 
레벤느망,역사적  인권적 퇴행이 반복되어서는 안된다
레벤느망,영화라는 매체가 제시할 수 있는 경험의 극한
레벤느망,낙태에 대해 무척 회의적인 사람도 영화를 보고 나면 한 여성이 처한 현실에 대해 쉽게 단정할 수 없을 듯  리얼한 묘사와 배우의 명연기  연출의 힘이 절묘하게 어우러져 사회 담론에 대해 깊은 고민을 이끌어낸다  많은 사람들이 보고 생각을 나누었으면 하는 작품 
레벤느망,언플랜드            영화에 비하면 그리 적나라한 편도 아님  내용에 있어 여주가 자신의 태아에 대한 일말의 애정이나 책임성이 증발된 상태라 놀랐음   최소한의 갈등이나 죄책감 기대를 저버림  학교 학점  작가로의 길과 어린 생명을 매몰지게 맞바꾸어 많이 당혹스러움  그게 비록 그녀가 처한 상황자체의 리얼이라 쳐도   죽은 태아의 생존은 그렇게 소비되고 처리 되어도 좋은가  아무리 무능력한 나이에 실수로 가진  원치않는 태아라 해도 말이다 
레벤느망,    년대를 배경으로 하기에 더 사실적으로 표현할 수 있는 이야기 같다   그 시절엔 그랬었지  하면 되니까  그런데 지금 시대에 같은 상황이 발생해도 그 여대생은 큰 희생과 짐을 진 선택을 해야한다  선택엔 책임이 따르지만 그 무게가 너무 불균형한 건 아닌지  주인공에게 집중된 편집과 직접적인 장면들로 안이 느꼈을 감정들이 온전히 전달되었다     대부분의 장면이 핸드헬드로 촬영되어   멀미 있는 사람은 주의할 것 
레벤느망,동조자가 되기보다 목격자가 되기를 호소하는 방식
레벤느망, 
레벤느망,봉준호 감독 이름은 왜 파냐고     봉준호 감독이  심사위원들이 이 영화를 정말 사랑한다  라고 했으면 주어가 심사위원이지  물론 거기에 봉 감독도 포함될 수도 있지만 직접적으로  나 라고 말한 거 아니잖여    그리고 저 워딩이 무슨 극찬은 아니잖여     그냥 영화 가치를 소개하라고     유명 감독이 직접 한 말도 아닌 거 가지고 광고에 이용하지 좀 말고    무리다 무리   
레벤느망,집요하고 소름이 끼칠 정도  현실에서 충분히 일어날 수  있는 일인데   왜 이렇게 강렬하지  프랑스 영화 장난 아닌데 
레벤느망,강렬하고 무서운 영화  이 영화를 봐야하는 사람들은 아니 에르노 사건을 아는 사람이 아니라  오히려 모르는 사람들이다 
레벤느망,성 대비 여성이 겪는 고통을     년대 프랑스 캠퍼스 문학도 여주 안 드세느 역  아나마리아 바토로메이가 리얼하게 표현한다    원작  아니 에르노 사건 
레벤느망,보고 난 후  정말 오래간만에 두고두고 생각하게 된 영화 
레벤느망,올해 본 그 어떤 영화보다도 무섭고 강렬했음
레벤느망,심사위원 만장일치 베니스 영화제 작품상 이유를 알 것 같았다  묵직한 영화
레벤느망,영화관에서 뛰쳐나오고 싶을 정도로 보는 내내 괴로웠다  이 영화는 안전한 임신중단이 보장되어야 하는 이유 그 자체다   그리고 노콘노섹이 꼭 필요한 이유     콘돔 없이 섹스하려는 놈들 이거 꼭 봐라 정신차려
레벤느망,스물셋  임신 확인서를 찢었다  어느 한 대학생의  임신에 대한 슬픈 보고서 
도어맨,여자가주인공이라싫었던거니 중타는되는거같은데 평점이왜이모양 평점조정함
도어맨,이런 영화에는 손절하자  아무리 영화에 대해 관대해지려 해도 러닝 타임을 길게 빼기 위해 멍청한 트릭을 넣었고  연기와 전개는 엉성함의 극치라 보는 내내 감당하기 힘들었다 
도어맨,걸크러쉬 좀 그만해라  액션이 시원함을 주는게 아니라 안타깝게 보인다  몸무게      겨우 넘게 보이는 여자가 장정  수십명을 때려 눕히는게 가당키나 하냐  차라리 원더우먼 빤스라도 입히던가
도어맨,관객들 눈높이도 예전과 같지 않아 이런 스토리나 액션으론 좋은 평가 못받을듯  배우들만 고생한 그저그런  급 수준에도 조금 모자란 느낌의 작품
도어맨,장르노가   이영화에  출연한 죄로   레옹의   신화를 송두리째 말아먹고 만  영화다   여주인공과  강도들의 어설픈 액션연기와   아파트내부에서  애처로울만치  시간떼우기식 전개등  미장센이  엉망인 영화다
도어맨,언니 액션 괜찮다   레옹아저씨 너무 허무해
도어맨,주인공이 너무 깡마른데 힘이 장사급  여자 부르스윌리스 보는 느낌 결말이 뻔해서  점 더 깍았다
도어맨,인질 테러범과 싸우는 흔한 소재로서 저예산 영화이지만 의외로 치밀한 액션과 스릴이 있는 작품
도어맨,정말매력있는여성액션인데 연기와 약션 연출등 조금씩부족함 완성도만높였어도 좋을듯  조금더화끈한액션기대
도어맨,유투버들에게 또 속았다 싶은 영화   뭐 대단하게 재밌는 듯 입 터는 유투버 쓰레기들      액션신도 많이 허접하고 연출력이 참              
도어맨,킬링타임으로 잘보고 마지막에 감독이 일본인이라는걸 알고는 어쩐지 닌자냄새가 난다했어요 어쨌든 재미는 있네요 
도어맨,장르가 액션인데 액션이 지루하다  스토리는 옹색 
도어맨, 다이하드  따라하다 헛발질 제대로
도어맨,인질들을 왜 결박을 안하고 자유롭게  움직이게 하는지 이해가 안되네 
도어맨,카리스마 넘치는 루비 로즈와 장 르노를 캐스팅해놓고 왜 이렇게 밖에     다이하드나 레옹이 떠오르는데 이렇게 후퇴할 수 있나 싶다  시작 군인 부분만 인상적이었고 이후로 그저 아쉽 
도어맨,인질을 감시도 안 하고 자유롭게 풀어두고  공격 전에는 미리 경고해 주는 친절한 악당과 답답한 짓만 일삼는 주인공 주변 인물들이 서로 누가 더 멍청한지 대결하는 영화 
도어맨,  
도어맨,액션도 약하고 구성도 엉망이고 그냥 별로임  시간낭비 
도어맨,뻔한 스토리에 액션도별로  장르노도 늙어서 재미없고 레옹에서 써먹었던 수류탄 핀뽑기는 어김없이 등장   급영화임
도어맨,루비 로즈 액션 장면은 괜찮음  근데 전반적으로 익숙한 전개  
도어맨, 
도어맨,인질은 죽이지 않고 질질 끌면 영화로서의 재미는 끝
도어맨,킬링타임용 재밌다 
도어맨,유치하네    점이상 주신분들은 알바인가  아니면 수준이 낮으신분들인가
도어맨,개연성 제로인 어설픈 삭본과 연출   장 르노가 얼굴만 비춘다고 좋은 영화가 되진 않는다 
도어맨,줄거리  액션 다 엉망  돈과 시간이 아까워요
도어맨, 
도어맨,나만 당할수 없다   
도어맨, 급영화 전문 일본인 감독
도어맨,재밌어요
도어맨,오뉴블보고 루비로즈 입덕했는데 영화라니 기대   포스터부터 개존멋 하 너무조아      
도어맨,루비 로즈 액션 기대됨  완전 멋있음
도어맨,루비 로즈  액션이라    기대 되는걸요    존윅에서 엄청 저   누나 인상 깊었음 
도어맨,루비 로즈    액션 기대 돼요
도어맨,킬링 타임    그 무서운 살인을 저지르는 한 사냥꾼의 이야기   진심으로 기대됩니다 
도어맨,킬링 타임 용으로 적절하군
도어맨,언니 액션만 인정 부실한 줄거리에 레옹의 몰락
도어맨,여주는 확실히 매력적인 캐릭인데 연출력이 많이 아쉽다 
도어맨,루비 로즈의 액션이 돋보이는 킬링 타임 영화  다이 하드 여자버전인데 마이너 하다  액션을 하긴 하는데 임펙트가 부족하다  견자단 식의 강력한 액션이 좋은데 그러기엔 소소한 액션들로 채워져있다  스토리도 너무 뻔해서 아쉬움이 남는다  다만 루비 로즈의 액션은 볼만하다
도어맨,뻔하고 말도 안되는 전개   수준 떨어지는 일본 감독이라   에휴 
도어맨,밀라 요보비치  지나 카라노  지자 야닌과 함께  몇 안되는 액션이 보장되는 여자 배우 중 한명인 루비 로즈의 작품  이제 다들       대 인지라 출연도 적어지고 액션도 줄고  감독을 잘 못 만나면 그나마도 이런 엉성한 액션영화가 되어버린다  요즘 영화 속 실제 액션이 점점 적어지는게 배우들이 부상을 염려해서 액션을 기피하기에 그렇다는데  액션을 하는 여배우들의 기근은 젊은 배우를 보기 힘들 정도로 심각해진듯 싶다  뭐 영화가 기대보다 별로라 이런 푸념까지 하고 있지만  가볍게 보기 좋은 액션 영화정도는 되겠다 
도어맨,이걸 보면   여년전의 다이하드는 엄청난 명작이었다는 것을 알게 될 것이다   너무 여기저기 비슷한 상황을 조합해서 만들어 신선한 맛은 하나도 없음 
도어맨,뭐 가볍게 킬링타임용으로 괜찮습니다 
도어맨,정말 가벼운 킬링타임용 
도어맨,         를 앞에 내세웠지만 어설픈 흔한 액션 
도어맨,액션이 나쁘진 않은데 배우들 연기와 연출이 약간  류느낌나요  
도어맨,가볍게 보아요 
도어맨,여성 액션이라는 것 외엔 너무도 익숙한 그런 영화  근데 장르노는 왜 이런 영화에 출연하는걸까     
도어맨,옛날 옛적 추억의 액션물 스타일
도어맨,지극히 평범한 액션 영화  비슷한스토리를 가진 영화가 많아서 새롭지는 않았습니다 
도어맨,펴점 절
도어맨,장르노가 악역 일본감독  일 남었네  아직 개봉도 안한것  볼만함  번역기 자막이지만  난 소장중
고양이들의 아파트,인간들보다 훨씬 배울점않은 우리 냐옹씨들 힘내요    우리애기들 사랑합니다   
고양이들의 아파트, 
고양이들의 아파트,지구별의 같은 생명체로서 고양이들과의 공존을 고민하게 하는 영화
고양이들의 아파트,다큐  멘터리  같음    고양이가   무슨  죄가   있다고 
고양이들의 아파트,너무 기대됩니다  다만 지방도 개봉했으면 하네요    넷플릭스로라도 개봉해주시면 감사합니다
고양이들의 아파트,모든 존재는 언젠가는 다 지수화풍으로 흩어지지만  고양이에게 배려하는 손길이 인상깊다 
고양이들의 아파트,엄마      집에서 살고 싶어요      왜 절 떠나세요        
고양이들의 아파트,사랑스러운 고양이들 함께 더불어 같이 행복하게 사는 나라가 되었음 합니다 
고양이들의 아파트,길냥이들 보면 너무사랑스럽죠   이영화 정말 보고 싶네요   
고양이들의 아파트,이주방사는 합법이라는 것을 알았습니다 
고양이들의 아파트,할일이 없어 고양이 영화에도 별점 테러를 하냐  고양이 한 마리가 쓸데없는 인간들    트럭보다 낫다 
고양이들의 아파트,고양이 죽이고 괴롭히는 열등감 넘치는 남자들이  점을 주는 영화는 꼭 봐야죠  사랑스럽고 가여운 동물이 여자의 돌봄을 받는다는 이유로  부러워서 괴롭히지 말고 그 시간에 공부하고 운동하길 바랍니다    니 인생을 사세요 
고양이들의 아파트,  
고양이들의 아파트,귀여운 고양이들이 사는 멋진 아파트   그 속에서 벌어지는 예쁜 이야기 
